CME,t0,dt0,pa,da,v,dv,minv,maxv,halo?
1,8/1/2024 2:48,1,280,46,279,102,115,440,
2,8/1/2024 9:12,1,115,28,822,114,529,919,
3,8/1/2024 22:00,3,65,56,282,47,226,395,
4,8/1/2024 22:00,1,111,8,204,24,177,244,
5,8/1/2024 22:12,2,115,16,300,82,213,466,
6,8/2/2024 0:36,2,29,36,345,92,276,631,
8,8/2/2024 6:12,0,353,8,558,501,372,1488,
9,8/2/2024 23:24,0,199,8,480,279,332,1041,
10,8/3/2024 1:48,1,255,16,325,157,128,556,
11,8/4/2024 7:36,1,298,46,458,71,347,651,
12,8/4/2024 9:12,1,297,16,459,98,343,625,
13,8/4/2024 11:12,1,253,8,589,143,439,844,
14,8/4/2024 15:05,1,162,22,466,112,217,563,
15,8/4/2024 15:27,1,109,56,397,169,219,864,
16,8/4/2024 18:00,1,25,12,190,29,140,236,
17,8/4/2024 18:36,3,61,44,403,144,159,694,
18,8/4/2024 20:36,1,45,12,481,129,241,600,
19,8/5/2024 0:00,1,274,10,589,529,347,1644,
20,8/5/2024 5:36,1,173,32,726,309,477,1420,
21,8/5/2024 5:48,1,101,80,400,79,220,512,
23,8/5/2024 15:48,1,96,90,339,143,154,710,
24,8/5/2024 16:00,2,129,20,328,246,281,1008,
25,8/5/2024 17:48,1,244,6,726,616,172,1644,
26,8/5/2024 18:12,1,273,8,191,35,171,254,
27,8/5/2024 18:12,1,61,28,271,60,157,335,
28,8/7/2024 2:00,1,331,48,374,76,294,520,
29,8/7/2024 3:36,1,86,42,380,45,347,473,
30,8/7/2024 4:00,1,294,10,1137,304,811,1736,
31,8/7/2024 18:36,2,80,18,204,14,182,226,
33,8/8/2024 4:36,1,314,22,248,43,172,337,
34,8/8/2024 5:12,1,172,18,231,4,221,232,
36,8/8/2024 21:48,1,31,32,289,50,208,368,
37,8/8/2024 22:00,2,53,40,325,69,180,395,
39,8/9/2024 22:00,1,181,8,822,520,309,1721,
40,8/9/2024 23:12,0,7,12,278,54,244,390,
41,8/9/2024 23:36,1,318,58,446,138,169,651,
42,8/10/2024 2:00,1,44,42,422,86,238,578,
43,8/10/2024 3:12,1,93,16,512,166,336,801,
44,8/11/2024 0:36,6,14,86,180,15,147,215,
45,8/11/2024 4:48,2,57,20,303,78,248,469,
46,8/11/2024 7:00,1,133,44,416,73,300,573,
47,8/11/2024 8:00,2,86,26,694,624,159,1838,
48,8/11/2024 8:24,1,226,34,1349,174,1077,1562,
49,8/11/2024 10:24,1,135,12,372,88,322,538,
50,8/12/2024 8:00,1,132,10,521,611,315,1838,
51,8/12/2024 9:24,2,29,32,508,237,183,947,
52,8/12/2024 16:12,1,210,14,549,319,315,1116,
53,8/12/2024 19:00,1,189,24,1226,375,492,1736,
54,8/12/2024 21:36,0,188,18,534,292,343,1249,
55,8/13/2024 0:24,1,188,14,472,231,416,1008,
56,8/13/2024 8:48,3,79,36,459,268,232,1116,
57,8/13/2024 10:24,4,222,78,212,32,165,277,
58,8/13/2024 12:24,3,237,16,144,20,114,173,
59,8/13/2024 16:36,1,183,12,504,47,480,600,
60,8/13/2024 20:00,2,355,20,480,148,318,781,
61,8/13/2024 21:24,2,3,8,240,15,229,271,
62,8/13/2024 23:12,2,224,30,554,228,231,1008,
63,8/14/2024 5:12,1,346,18,395,32,367,452,
65,8/14/2024 8:36,2,74,10,221,10,200,226,
66,8/14/2024 11:12,1,296,10,217,25,202,267,
67,8/14/2024 12:24,1,58,14,558,27,529,610,
68,8/14/2024 14:12,1,271,8,1741,97,1644,1838,
69,8/15/2024 10:12,1,322,78,446,120,256,694,
70,8/16/2024 13:36,1,299,52,481,300,231,1208,
71,8/16/2024 14:12,4,235,52,208,57,101,345,
72,8/16/2024 14:48,2,6,22,327,63,232,452,
73,8/16/2024 16:48,1,5,8,198,863,143,1562,
74,8/17/2024 6:36,1,283,20,496,11,473,512,
75,8/17/2024 10:36,3,353,64,182,21,151,225,
76,8/17/2024 14:48,2,352,62,254,77,104,440,
77,8/17/2024 18:24,2,283,72,726,321,236,1488,
78,8/18/2024 12:00,7,293,36,276,90,200,512,
79,8/18/2024 15:16,1,238,38,382,107,238,593,
80,8/18/2024 15:16,1,235,8,176,43,156,242,
81,8/18/2024 15:27,0,222,6,304,69,188,349,
82,8/18/2024 19:48,1,114,18,179,23,149,222,
83,8/18/2024 20:00,1,114,34,295,110,220,578,
84,8/18/2024 23:24,1,344,34,252,28,204,286,
85,8/19/2024 3:24,1,98,10,172,34,135,229,
86,8/19/2024 5:24,1,162,10,165,24,120,187,
87,8/19/2024 8:48,1,230,26,695,26,679,744,
88,8/19/2024 12:36,2,307,72,446,113,229,651,
89,8/19/2024 14:12,1,174,6,229,172,215,573,
90,8/19/2024 14:24,1,179,24,892,218,801,1358,
91,8/19/2024 14:48,1,92,14,201,39,150,262,
92,8/19/2024 17:48,1,77,12,125,61,101,267,
93,8/19/2024 21:24,2,79,36,279,107,148,452,
94,8/19/2024 22:12,2,254,90,395,151,224,844,
95,8/19/2024 23:12,1,312,22,357,74,233,428,
96,8/20/2024 2:24,6,156,62,195,40,135,289,
97,8/20/2024 2:36,1,87,28,431,81,309,624,
98,8/20/2024 2:48,1,46,6,170,100,101,339,
99,8/20/2024 3:36,1,74,6,443,100,355,578,
100,8/20/2024 7:36,1,117,12,844,359,469,1420,
102,8/20/2024 11:48,2,223,28,224,59,126,351,
103,8/20/2024 16:12,1,209,12,169,48,138,252,
104,8/20/2024 16:49,1,320,34,252,31,188,306,
105,8/20/2024 18:12,1,200,6,357,57,257,390,
106,8/20/2024 18:12,1,318,46,275,90,197,473,
107,8/20/2024 22:24,0,299,8,440,152,428,744,
108,8/20/2024 23:36,1,260,10,471,221,212,822,
109,8/21/2024 3:12,2,257,20,370,165,231,762,
110,8/21/2024 4:48,2,88,22,312,62,169,372,
111,8/21/2024 5:48,1,327,28,256,22,204,279,
112,8/21/2024 15:05,1,332,26,224,30,192,284,
113,8/21/2024 19:00,2,83,12,326,162,215,624,
114,8/21/2024 19:24,1,324,22,363,240,240,919,
115,8/21/2024 20:00,3,39,28,238,69,121,400,
116,8/21/2024 23:12,1,331,20,195,0,195,196,
119,8/22/2024 8:36,1,98,14,241,39,205,306,
120,8/22/2024 12:00,1,58,10,1120,328,637,1565,
122,8/22/2024 18:36,2,172,6,762,372,400,1358,
123,8/22/2024 19:12,1,83,8,844,583,271,1644,
124,8/23/2024 2:00,2,276,66,338,69,187,508,
125,8/23/2024 7:12,1,346,10,297,71,196,381,
126,8/23/2024 7:24,2,359,36,440,111,238,651,
127,8/23/2024 9:36,0,342,14,381,78,199,440,
129,8/24/2024 21:24,2,75,28,488,39,473,584,
130,8/24/2024 23:24,2,277,32,250,195,203,679,
131,8/25/2024 5:00,2,28,74,315,51,188,413,
132,8/25/2024 9:24,1,134,14,133,27,118,191,
133,8/25/2024 12:36,2,196,6,119,31,110,181,
134,8/25/2024 13:25,2,129,12,124,16,109,151,
135,8/26/2024 3:36,1,87,16,190,64,110,294,
136,8/26/2024 4:24,2,96,14,235,20,213,271,
137,8/26/2024 9:24,8,173,52,318,98,152,473,
138,8/26/2024 12:00,3,150,6,464,153,413,759,
139,8/26/2024 13:36,6,230,42,255,27,206,317,
140,8/26/2024 15:24,2,200,18,458,149,343,791,
141,8/26/2024 18:12,1,136,6,244,3,240,249,
142,8/27/2024 1:25,1,206,10,489,291,276,1122,
143,8/27/2024 2:48,1,214,6,567,74,440,589,
144,8/28/2024 2:24,1,83,16,236,86,164,405,
146,8/28/2024 14:21,4,340,26,118,10,102,138,
147,8/28/2024 14:36,4,302,26,140,32,114,216,
148,8/28/2024 17:48,4,115,52,259,112,145,611,
149,8/29/2024 14:00,1,49,12,560,9,548,568,
150,8/30/2024 13:37,1,84,10,438,42,368,481,
151,8/30/2024 23:06,2,50,26,290,4,281,297,
152,8/31/2024 0:24,3,286,58,290,12,249,297,
2,9/1/2024 12:24,0,163,32,651,160,347,903,
3,9/1/2024 12:24,3,225,52,672,248,166,822,
4,9/1/2024 13:36,1,276,14,1055,72,1008,1174,
5,9/1/2024 14:36,1,176,10,865,334,262,1358,
6,9/2/2024 7:36,3,58,50,434,99,260,625,
7,9/2/2024 9:36,1,313,16,341,290,254,992,
8,9/2/2024 13:36,4,94,82,436,173,185,822,
9,9/2/2024 17:36,4,119,40,385,239,220,1077,
11,9/3/2024 8:24,1,30,22,416,52,355,496,
12,9/3/2024 8:36,1,169,32,595,73,440,694,
13,9/3/2024 9:24,2,120,42,584,599,343,1953,
14,9/3/2024 19:48,1,63,56,500,36,428,589,
15,9/3/2024 20:24,1,38,14,934,508,428,1952,
16,9/3/2024 22:00,0,47,12,334,8,330,353,
17,9/4/2024 15:48,0,246,14,1043,109,822,1202,
18,9/5/2024 0:12,1,335,32,315,145,262,679,
20,9/5/2024 6:48,1,229,8,1249,110,1077,1388,
21,9/5/2024 7:24,2,313,68,1041,137,726,1302,
22,9/5/2024 7:24,2,278,58,361,85,224,573,
24,9/6/2024 10:24,0,295,12,332,13,315,351,
25,9/6/2024 11:00,1,227,12,833,320,466,1488,
26,9/6/2024 14:48,0,289,20,393,21,359,431,
27,9/7/2024 2:48,2,279,12,145,41,106,216,
28,9/7/2024 4:12,3,32,46,152,38,99,248,
29,9/7/2024 7:36,2,179,60,209,93,100,385,
30,9/7/2024 8:48,1,200,30,188,74,104,363,
31,9/7/2024 10:48,2,248,10,762,53,694,844,
32,9/7/2024 12:48,5,212,30,226,26,196,300,
33,9/7/2024 20:24,1,236,18,578,97,422,762,
34,9/7/2024 20:48,1,285,56,452,125,304,694,
35,9/8/2024 0:36,2,28,90,338,42,229,428,
36,9/8/2024 0:48,1,282,50,457,54,381,574,
37,9/8/2024 3:48,2,78,10,115,47,101,212,
40,9/9/2024 6:12,2,342,22,568,226,339,1157,
41,9/9/2024 14:00,6,12,78,269,75,105,385,
43,9/10/2024 0:24,2,278,10,200,285,148,762,
44,9/10/2024 1:48,1,43,12,261,229,212,735,
45,9/10/2024 2:12,0,117,12,1420,106,1302,1562,
47,9/10/2024 13:36,1,97,12,565,88,462,664,
48,9/10/2024 19:24,1,196,42,695,92,606,880,
49,9/10/2024 22:36,0,281,8,477,140,345,710,
50,9/11/2024 1:48,0,343,60,484,68,318,548,
51,9/11/2024 2:24,1,183,8,245,22,231,284,
52,9/11/2024 4:00,0,259,8,237,18,211,256,
53,9/11/2024 4:12,1,104,10,569,70,466,657,
54,9/11/2024 12:48,3,269,40,195,79,109,434,
55,9/11/2024 16:24,0,104,26,1311,521,466,1953,
56,9/11/2024 19:48,2,272,14,338,91,250,512,
57,9/11/2024 21:24,1,278,10,1159,401,589,1786,
58,9/12/2024 3:24,2,95,16,459,178,204,726,
59,9/12/2024 16:36,0,244,14,240,4,234,244,
60,9/12/2024 20:24,5,77,60,394,170,216,801,
61,9/12/2024 21:24,3,13,8,557,131,459,762,
63,9/13/2024 9:48,1,19,8,456,53,372,488,
64,9/13/2024 10:24,2,316,90,459,119,234,694,
65,9/13/2024 15:48,1,6,10,395,168,102,612,
66,9/13/2024 16:36,1,72,6,400,9,385,408,
67,9/13/2024 17:24,2,220,22,687,37,624,726,
68,9/13/2024 19:00,1,75,12,270,115,144,488,
69,9/13/2024 19:12,2,100,22,377,97,309,558,
70,9/14/2024 6:48,1,188,10,511,334,271,1116,
71,9/14/2024 7:00,1,270,30,1024,208,496,1136,
73,9/14/2024 15:48,2,60,22,555,614,372,1838,
75,9/17/2024 19:48,1,170,18,318,47,251,385,
76,9/17/2024 19:48,0,52,10,1265,772,214,1952,
77,9/18/2024 1:36,3,23,12,372,58,328,473,
78,9/18/2024 5:36,2,191,52,584,187,395,1077,
79,9/18/2024 6:48,1,186,10,264,227,242,664,
80,9/18/2024 12:36,2,134,90,614,247,264,1157,
81,9/18/2024 14:24,1,101,16,671,138,456,886,
82,9/18/2024 18:12,1,293,24,269,94,202,538,
83,9/18/2024 21:24,1,300,22,744,112,557,868,
84,9/19/2024 6:00,5,324,82,184,13,170,217,
85,9/19/2024 18:12,2,302,46,182,31,135,244,
86,9/19/2024 18:36,2,315,8,188,46,126,258,
87,9/21/2024 11:12,1,300,10,590,104,411,726,
88,9/21/2024 18:48,1,345,12,199,54,134,304,
89,9/21/2024 22:00,1,255,8,581,92,484,726,
90,9/21/2024 23:12,1,277,12,1837,178,1488,1837,
91,9/22/2024 7:12,5,309,44,152,38,118,244,
92,9/22/2024 7:12,1,54,6,1358,279,1302,1838,
93,9/22/2024 14:48,1,303,16,762,553,431,1952,
94,9/22/2024 19:12,1,308,10,548,63,473,664,
95,9/22/2024 21:36,1,161,12,1301,341,801,1735,
96,9/22/2024 22:12,2,206,30,637,42,578,726,
97,9/23/2024 2:00,1,308,10,442,211,240,844,
98,9/23/2024 7:36,1,247,8,919,264,619,1302,
99,9/23/2024 22:36,2,204,26,186,6,168,192,
100,9/24/2024 0:24,2,169,8,189,7,188,202,
101,9/24/2024 0:24,1,167,40,701,103,568,919,
102,9/24/2024 2:12,1,240,6,1320,589,648,1953,
103,9/25/2024 23:24,1,107,8,190,29,171,248,
105,9/26/2024 13:25,1,178,6,333,764,240,1854,
106,9/26/2024 22:12,6,128,86,137,99,102,440,
107,9/27/2024 4:49,1,190,10,159,21,130,189,
108,9/27/2024 9:12,2,84,58,405,101,250,613,
109,9/28/2024 10:36,1,233,12,202,30,192,260,
110,9/28/2024 14:00,1,80,18,238,17,209,264,
111,9/29/2024 5:48,2,243,44,1116,495,349,1953,
113,9/29/2024 10:24,1,216,22,1845,159,1562,1953,
114,9/29/2024 11:00,1,35,8,304,1,303,307,
115,9/29/2024 18:12,0,291,16,303,29,264,349,
116,9/29/2024 23:24,0,230,14,247,42,192,328,
117,9/30/2024 3:12,2,73,80,568,91,376,771,
118,9/30/2024 5:00,1,298,50,1736,167,1275,1953,
119,9/30/2024 5:00,2,78,26,391,87,211,413,
120,9/30/2024 5:12,2,229,44,385,106,187,529,
121,9/30/2024 10:48,2,77,12,631,127,427,781,
122,9/30/2024 14:12,2,176,58,367,80,205,538,
123,9/30/2024 16:12,1,252,26,1250,89,1077,1302,
124,9/30/2024 16:12,1,272,22,1369,416,961,1953,
125,9/30/2024 16:48,1,326,10,716,115,548,918,
126,9/30/2024 20:48,2,322,18,274,786,127,1838,
127,9/30/2024 23:24,2,245,12,801,140,600,951,
1,10/1/2024 0:48,2,245,12,801,146,568,1041,
2,10/1/2024 14:00,3,328,26,240,61,126,345,
3,10/1/2024 19:24,1,186,18,430,85,292,548,
5,10/2/2024 6:24,1,158,22,206,17,195,245,
6,10/2/2024 17:00,3,355,44,323,37,228,381,
7,10/2/2024 20:36,1,61,8,428,447,148,1116,
8,10/3/2024 10:00,1,183,44,309,89,176,484,
9,10/3/2024 11:48,1,347,16,497,157,303,743,
10,10/3/2024 12:00,1,100,10,291,62,245,413,
14,10/3/2024 15:24,1,286,10,322,18,292,327,
15,10/3/2024 15:36,1,271,64,1838,124,1488,1953,
16,10/3/2024 16:00,1,121,8,1814,123,1644,1953,
17,10/3/2024 20:00,2,261,60,631,74,466,799,
18,10/3/2024 21:12,1,319,28,762,165,422,946,
19,10/3/2024 21:24,1,357,12,538,66,452,612,
20,10/3/2024 22:24,1,63,16,432,108,167,512,
21,10/4/2024 3:24,1,262,22,720,359,480,1358,
22,10/4/2024 4:24,5,250,74,638,225,434,1249,
23,10/4/2024 5:12,2,284,62,584,177,264,976,
24,10/4/2024 7:12,1,221,12,489,33,459,548,
25,10/4/2024 13:25,1,224,22,600,304,543,1388,
26,10/4/2024 14:51,1,211,28,379,273,269,1157,
27,10/4/2024 20:24,1,63,28,456,104,233,589,
28,10/4/2024 20:48,1,3,48,568,140,355,801,
29,10/5/2024 2:12,2,326,30,289,82,133,452,
30,10/5/2024 13:36,2,218,34,534,152,425,833,
31,10/5/2024 19:12,2,302,62,466,132,180,637,
32,10/5/2024 19:12,0,283,8,694,79,568,781,
33,10/5/2024 21:24,2,203,24,236,8,227,250,
34,10/5/2024 21:24,1,265,12,573,99,380,651,
35,10/5/2024 23:24,1,230,42,476,138,208,657,
36,10/6/2024 5:48,1,209,52,422,81,328,624,
37,10/6/2024 15:48,1,221,32,212,23,190,267,
38,10/6/2024 17:36,2,230,30,178,104,126,383,
39,10/6/2024 21:48,1,286,42,445,523,234,2016,
40,10/6/2024 22:12,1,250,14,182,16,148,203,
41,10/6/2024 23:48,2,320,6,872,353,372,1310,
42,10/7/2024 0:24,2,324,10,1263,464,452,1736,
43,10/7/2024 4:00,1,291,8,400,14,395,428,
44,10/7/2024 19:12,0,246,26,456,42,405,520,
45,10/7/2024 20:48,2,283,20,520,118,306,600,
46,10/7/2024 22:12,2,338,30,446,83,312,600,
48,10/8/2024 6:12,1,217,32,496,117,312,589,
49,10/8/2024 7:12,2,284,10,359,154,149,589,
50,10/8/2024 9:12,4,101,60,284,26,234,328,
51,10/8/2024 15:12,3,240,10,175,57,169,276,
52,10/9/2024 2:12,0,352,30,390,77,240,437,
53,10/9/2024 14:12,1,251,12,335,38,263,386,
54,10/9/2024 14:12,1,280,30,477,92,297,568,
55,10/9/2024 17:00,11,24,50,114,196,101,538,
56,10/11/2024 12:24,1,284,14,670,189,529,976,
57,10/11/2024 16:00,3,71,24,182,69,105,349,
58,10/11/2024 17:48,5,115,52,235,31,191,310,
59,10/12/2024 11:36,2,240,50,359,24,297,388,
60,10/12/2024 22:36,4,197,32,126,21,93,158,
61,10/13/2024 7:36,2,128,6,213,260,134,726,
62,10/14/2024 0:48,2,283,8,227,21,191,249,
63,10/14/2024 2:36,3,44,6,110,234,107,578,
64,10/14/2024 19:24,3,310,30,206,168,103,578,
65,10/15/2024 0:36,4,138,54,206,26,169,260,
66,10/15/2024 21:26,1,306,14,323,64,271,466,
67,10/16/2024 22:12,1,61,88,466,63,312,600,
68,10/16/2024 22:24,1,149,36,260,22,213,315,
70,10/17/2024 7:48,2,34,38,257,74,176,446,
71,10/17/2024 21:36,1,77,20,385,102,208,504,
72,10/18/2024 9:48,4,307,40,199,103,100,434,
73,10/18/2024 9:48,0,321,12,289,34,226,325,
74,10/18/2024 9:48,2,324,14,372,40,284,411,
75,10/19/2024 7:12,1,258,30,367,165,144,644,
76,10/19/2024 9:12,1,68,62,822,217,332,1250,
77,10/19/2024 10:00,1,162,22,772,39,694,822,
78,10/19/2024 18:12,2,296,22,337,80,182,390,
79,10/19/2024 22:24,5,112,58,304,197,119,784,
80,10/20/2024 8:12,1,104,14,166,75,127,336,
81,10/20/2024 10:36,1,37,28,328,41,268,439,
82,10/20/2024 11:00,1,25,16,422,36,351,465,
83,10/21/2024 5:24,1,78,10,543,77,403,631,
84,10/21/2024 5:48,1,117,12,119,36,108,191,
85,10/21/2024 9:36,6,109,64,308,106,224,624,
86,10/21/2024 10:00,4,104,70,242,25,186,276,
87,10/21/2024 11:48,0,112,10,118,53,107,217,
88,10/22/2024 1:36,1,121,8,344,91,244,497,
89,10/22/2024 9:36,0,257,12,315,53,284,428,
90,10/22/2024 17:48,1,242,78,452,115,249,637,
91,10/22/2024 18:00,1,292,18,314,3,309,320,
92,10/23/2024 12:48,1,17,52,261,32,205,337,
93,10/23/2024 15:48,4,110,50,525,193,332,1008,
94,10/23/2024 16:12,0,87,8,529,186,303,791,
96,10/24/2024 4:00,1,64,30,1115,241,726,1562,
97,10/24/2024 4:24,2,17,36,612,232,279,1157,
98,10/24/2024 4:48,1,328,34,540,85,395,651,
99,10/24/2024 4:48,1,345,12,374,95,214,477,
100,10/24/2024 8:00,1,133,16,637,541,153,1644,
101,10/24/2024 11:00,1,125,16,705,431,211,1179,
102,10/24/2024 18:00,1,82,6,780,187,631,1116,
103,10/25/2024 7:24,2,81,16,1157,287,548,1488,
104,10/25/2024 15:24,2,240,38,103,0,102,104,
105,10/25/2024 15:48,0,129,16,310,166,103,584,
106,10/25/2024 17:00,1,284,10,512,35,440,534,
107,10/26/2024 4:24,0,91,12,791,280,345,1201,
109,10/26/2024 10:36,1,108,22,254,162,247,525,
110,10/28/2024 11:24,4,123,28,197,8,176,208,
111,10/28/2024 11:48,5,285,44,198,12,173,212,
112,10/30/2024 3:48,4,178,54,382,273,255,1250,
113,10/30/2024 20:24,1,98,10,623,175,473,919,
114,10/31/2024 9:24,0,112,22,314,657,224,1420,
115,10/31/2024 9:36,1,337,48,595,72,477,744,
1,11/2/2024 0:12,3,1,40,206,57,133,332,
2,11/2/2024 6:00,1,198,10,301,29,264,351,
3,11/2/2024 8:24,2,267,68,336,119,164,568,
4,11/2/2024 21:24,9,85,76,157,30,102,226,
5,11/2/2024 21:36,2,334,38,226,55,166,343,
6,11/3/2024 0:12,2,120,6,232,84,204,393,
7,11/3/2024 14:24,3,240,10,293,79,169,416,
8,11/3/2024 15:27,1,93,48,461,83,298,571,
9,11/3/2024 16:48,1,117,12,394,31,371,446,
10,11/3/2024 22:24,2,278,26,264,84,115,466,
11,11/3/2024 23:48,1,220,46,224,180,162,625,
12,11/4/2024 0:12,1,245,12,264,90,194,422,
14,11/4/2024 1:36,1,56,10,521,380,446,1358,
15,11/4/2024 2:36,1,315,52,363,84,237,508,
16,11/4/2024 3:12,2,265,32,440,228,283,892,
17,11/4/2024 4:48,2,99,24,189,53,132,318,
18,11/4/2024 12:12,2,251,24,363,45,274,459,
19,11/4/2024 16:24,2,83,44,281,74,184,376,
20,11/5/2024 0:24,2,74,58,230,21,186,252,
21,11/5/2024 2:00,3,113,16,678,66,548,744,
22,11/5/2024 6:24,1,292,10,109,3,107,116,
23,11/6/2024 5:36,1,54,38,449,31,372,473,
24,11/6/2024 6:00,1,57,8,718,699,328,1838,
25,11/6/2024 12:48,0,42,10,515,427,466,1488,
26,11/6/2024 16:00,1,308,70,428,11,395,443,
27,11/6/2024 23:24,0,102,14,513,79,385,601,
28,11/7/2024 7:36,4,220,58,504,478,218,1736,
29,11/7/2024 7:48,2,294,30,1838,670,209,1953,
30,11/7/2024 7:48,1,3,56,1952,78,1838,1952,
31,11/7/2024 7:48,0,156,18,1952,74,1838,1953,
32,11/8/2024 15:24,1,35,32,266,61,140,339,
33,11/9/2024 2:24,4,22,18,127,35,105,196,
34,11/9/2024 5:48,4,9,24,200,33,134,252,
35,11/9/2024 9:24,4,164,14,361,155,204,651,
36,11/9/2024 9:24,1,114,14,411,90,238,459,
37,11/9/2024 9:48,4,114,54,226,23,194,276,
38,11/9/2024 9:48,1,110,14,274,249,166,681,
39,11/9/2024 10:00,0,300,10,318,37,290,378,
40,11/9/2024 10:24,1,89,8,251,14,224,262,
41,11/9/2024 12:48,4,350,18,206,38,114,226,
42,11/9/2024 22:12,1,35,12,162,37,121,229,
43,11/10/2024 9:48,2,178,22,459,86,377,631,
45,11/10/2024 10:48,1,163,12,156,112,121,405,
46,11/10/2024 12:36,1,101,16,294,43,242,369,
47,11/10/2024 16:12,2,305,8,220,142,217,504,
48,11/10/2024 20:48,1,210,10,243,47,226,325,
49,11/10/2024 23:12,2,257,56,710,268,197,1157,
50,11/11/2024 0:12,3,184,14,112,68,99,262,
51,11/11/2024 1:36,2,58,22,849,307,625,1310,
52,11/11/2024 5:12,1,202,6,227,36,178,281,
53,11/11/2024 15:24,3,165,76,365,51,229,452,
54,11/11/2024 17:36,2,163,8,215,182,131,568,
55,11/11/2024 18:12,1,2,10,349,98,170,480,
56,11/11/2024 20:24,3,42,46,145,64,99,294,
57,11/12/2024 1:57,1,301,8,159,4,151,161,
60,11/12/2024 18:36,1,302,22,120,36,100,201,
61,11/12/2024 22:00,1,296,26,280,115,131,568,
62,11/12/2024 23:24,3,228,38,149,28,110,215,
63,11/13/2024 1:36,1,223,16,111,4,110,121,
64,11/13/2024 9:36,1,38,6,309,6,300,315,
65,11/13/2024 17:00,1,168,22,330,85,175,492,
66,11/13/2024 17:24,1,41,52,318,105,200,589,
67,11/14/2024 13:25,1,226,22,308,122,159,548,
68,11/14/2024 18:24,2,36,50,314,70,206,477,
70,11/15/2024 2:48,2,154,50,480,116,287,664,
71,11/15/2024 10:24,1,77,60,563,112,363,801,
72,11/15/2024 13:25,4,278,78,381,193,231,781,
73,11/15/2024 13:25,3,285,56,226,124,130,651,
74,11/15/2024 15:12,1,350,14,347,22,309,367,
75,11/15/2024 18:48,1,232,14,429,42,347,484,
76,11/16/2024 1:25,2,56,18,451,108,343,667,
78,11/16/2024 11:12,1,358,6,1736,169,1488,1894,
79,11/16/2024 11:12,1,69,48,306,48,226,395,
80,11/16/2024 11:24,1,77,12,212,78,179,385,
81,11/16/2024 11:24,2,309,56,300,31,221,351,
82,11/16/2024 15:48,1,259,8,440,197,303,801,
83,11/16/2024 19:36,2,321,48,176,33,129,245,
84,11/16/2024 23:48,1,262,6,419,26,416,465,
85,11/17/2024 7:36,2,318,42,383,105,221,578,
86,11/17/2024 8:24,0,273,12,383,77,229,405,
87,11/17/2024 10:00,1,169,8,117,1,114,118,
88,11/17/2024 10:48,2,59,76,613,340,164,1420,
89,11/17/2024 16:24,1,291,40,413,50,355,558,
90,11/17/2024 17:48,2,129,20,372,77,217,416,
91,11/17/2024 17:48,1,348,10,687,108,558,844,
92,11/18/2024 4:24,1,40,46,313,22,281,351,
93,11/18/2024 11:48,2,238,82,320,78,136,512,
94,11/18/2024 12:00,2,268,18,450,529,231,1735,
95,11/18/2024 12:00,1,224,6,283,14,262,297,
96,11/18/2024 16:00,3,125,32,315,90,166,422,
98,11/18/2024 23:24,1,125,28,172,255,131,762,
99,11/19/2024 2:24,1,129,20,376,53,309,488,
100,11/19/2024 15:12,6,339,60,172,78,129,369,
101,11/19/2024 17:24,1,256,38,336,107,231,600,
102,11/20/2024 5:48,1,122,10,589,281,578,1077,
103,11/20/2024 10:00,7,260,42,123,29,103,194,
104,11/20/2024 11:48,1,52,14,237,110,106,422,
105,11/20/2024 17:24,1,208,10,497,105,428,664,
106,11/20/2024 19:48,2,284,10,244,29,221,306,
107,11/20/2024 20:00,2,264,54,291,86,159,473,
108,11/21/2024 1:36,1,101,44,390,150,227,744,
109,11/21/2024 3:24,2,288,6,394,163,117,529,
110,11/21/2024 5:00,3,43,32,190,50,104,241,
111,11/21/2024 9:12,5,57,16,201,57,126,292,
113,11/21/2024 13:48,1,224,26,638,229,235,1078,
114,11/21/2024 13:48,1,33,52,408,97,221,573,
116,11/21/2024 19:00,3,9,72,589,168,285,1124,
117,11/21/2024 19:48,1,70,14,1649,458,818,1862,
118,11/21/2024 23:48,0,289,12,293,62,256,425,
119,11/22/2024 0:00,1,0,6,603,386,440,1339,
120,11/22/2024 10:00,2,198,10,409,360,120,1077,
121,11/22/2024 16:24,2,132,18,340,66,175,405,
122,11/22/2024 18:12,1,188,18,392,146,107,548,
123,11/22/2024 20:24,2,28,26,387,254,135,1041,
124,11/22/2024 22:12,2,141,60,352,59,212,480,
125,11/22/2024 23:48,1,265,20,822,441,201,1488,
126,11/23/2024 1:25,3,275,16,262,35,224,339,
127,11/23/2024 6:12,1,226,10,329,29,292,385,
128,11/23/2024 8:36,0,234,10,362,14,357,390,
129,11/23/2024 19:12,2,211,52,710,267,247,976,
130,11/24/2024 1:48,1,130,6,247,27,224,289,
131,11/24/2024 12:00,4,137,32,376,35,297,411,
132,11/24/2024 16:12,1,80,14,366,79,284,543,
133,11/25/2024 2:36,2,152,86,289,59,145,374,
134,11/25/2024 4:24,0,203,20,287,59,192,403,
135,11/25/2024 18:00,2,220,82,579,404,261,1736,
137,11/25/2024 20:48,1,83,12,411,607,246,1736,
138,11/25/2024 21:12,1,62,10,403,40,315,428,
139,11/25/2024 21:24,2,318,22,202,66,135,309,
140,11/26/2024 9:12,2,211,8,612,630,477,1644,
141,11/26/2024 9:24,2,88,10,287,70,150,328,
142,11/26/2024 12:48,1,92,22,525,18,487,548,
143,11/26/2024 13:25,1,74,14,614,179,347,848,
144,11/26/2024 14:00,2,208,6,381,345,201,1041,
145,11/26/2024 14:12,2,204,6,948,522,664,1953,
146,11/27/2024 2:24,0,242,10,736,94,612,844,
147,11/27/2024 9:36,1,87,24,600,236,140,1008,
148,11/27/2024 19:24,2,172,50,307,54,181,385,
149,11/27/2024 19:24,0,97,12,589,74,568,726,
150,11/28/2024 3:36,1,199,16,286,32,243,339,
151,11/28/2024 21:12,1,299,8,446,98,359,625,
152,11/29/2024 12:12,6,4,70,150,27,103,220,
153,11/29/2024 13:48,5,197,64,284,72,188,440,
154,11/29/2024 17:00,1,251,8,1201,500,411,1562,
155,11/29/2024 17:12,0,176,10,227,26,207,280,
156,11/29/2024 17:24,1,40,10,265,152,105,520,
158,11/29/2024 18:12,2,119,44,1006,514,459,1953,
159,11/29/2024 18:24,1,51,20,841,555,105,1838,
160,11/30/2024 3:12,2,123,32,200,27,172,254,
161,11/30/2024 5:24,1,199,16,512,68,416,651,
162,11/30/2024 13:36,1,198,26,383,315,168,1116,
1,12/1/2024 2:48,3,287,20,568,504,234,1562,
2,12/1/2024 3:12,2,274,50,370,111,181,568,
3,12/1/2024 9:12,2,174,34,339,304,182,1250,
4,12/1/2024 21:24,1,105,44,429,93,233,520,
5,12/2/2024 6:24,2,109,52,296,37,245,374,
6,12/2/2024 7:36,1,312,34,247,68,184,359,
7,12/2/2024 13:36,1,253,24,322,478,272,1257,
8,12/2/2024 16:48,2,118,18,440,98,325,637,
9,12/3/2024 0:48,1,250,26,603,189,339,976,
10,12/3/2024 16:24,1,253,72,249,29,182,276,
11,12/3/2024 16:24,1,253,24,103,3,101,110,
12,12/3/2024 19:36,1,240,6,152,19,128,172,
13,12/3/2024 20:12,2,285,16,892,72,781,1008,
14,12/4/2024 6:00,1,10,10,385,91,246,459,
15,12/4/2024 10:24,1,104,46,347,58,205,416,
16,12/4/2024 11:24,1,99,12,150,3,148,155,
17,12/4/2024 17:48,1,303,20,252,36,214,318,
18,12/5/2024 0:12,3,73,36,1008,433,446,1736,
19,12/5/2024 2:12,2,15,44,383,89,199,520,
20,12/5/2024 11:00,1,230,46,272,32,217,334,
21,12/5/2024 11:00,1,269,8,284,133,267,529,
22,12/5/2024 14:24,2,224,14,105,71,100,244,
23,12/5/2024 15:48,3,154,74,473,311,222,1166,
24,12/6/2024 2:00,1,74,22,409,127,254,735,
25,12/6/2024 2:00,0,66,10,668,508,580,1779,
26,12/6/2024 18:24,1,308,18,215,26,214,271,
27,12/7/2024 3:36,5,271,56,224,18,178,262,
28,12/7/2024 4:24,1,320,6,237,16,211,256,
29,12/7/2024 10:00,0,353,28,433,86,257,563,
30,12/7/2024 14:24,2,156,18,446,264,167,961,
32,12/8/2024 0:48,2,197,8,328,27,288,361,
33,12/8/2024 0:48,2,356,14,336,37,272,401,
34,12/8/2024 9:24,1,270,66,664,49,568,781,
35,12/8/2024 9:24,1,3,12,339,46,294,437,
36,12/8/2024 10:12,1,321,8,811,111,612,919,
37,12/8/2024 10:48,1,163,8,1201,511,488,1953,
38,12/8/2024 11:00,0,275,8,188,21,178,228,
39,12/8/2024 16:24,2,207,24,236,31,168,281,
40,12/10/2024 1:36,2,186,22,246,64,169,400,
41,12/10/2024 2:24,2,158,22,919,558,322,1953,
42,12/10/2024 3:24,1,350,14,771,176,672,1201,
43,12/10/2024 6:36,2,153,48,880,295,605,1644,
44,12/10/2024 11:24,1,162,30,1525,168,1420,1953,
45,12/10/2024 12:12,1,7,32,502,168,206,781,
46,12/10/2024 12:24,2,14,10,376,45,355,446,
47,12/10/2024 16:12,2,164,22,508,187,317,976,
48,12/10/2024 18:12,1,162,22,1008,264,553,1488,
49,12/11/2024 1:36,1,32,6,330,83,297,492,
50,12/11/2024 5:36,4,181,68,271,334,112,1077,
51,12/11/2024 10:36,2,182,70,325,73,137,437,
53,12/11/2024 21:24,2,210,22,242,86,142,390,
54,12/12/2024 1:25,2,13,36,293,232,193,822,
55,12/12/2024 10:24,0,123,36,259,18,221,286,
56,12/12/2024 23:48,1,169,24,947,263,529,1338,
57,12/13/2024 3:12,2,213,52,310,86,235,548,
58,12/13/2024 4:17,1,168,26,529,230,225,1040,
59,12/13/2024 9:12,3,172,38,361,135,150,657,
60,12/13/2024 12:24,1,156,10,292,70,226,390,
61,12/13/2024 14:00,1,173,48,405,94,274,651,
62,12/14/2024 2:00,0,165,12,263,953,245,1953,
63,12/14/2024 5:12,1,216,14,440,6,440,452,
64,12/14/2024 5:36,1,234,42,546,153,255,919,
65,12/14/2024 10:48,4,272,58,146,28,116,229,
66,12/14/2024 12:00,4,135,12,190,37,126,224,
67,12/14/2024 13:25,3,133,8,214,11,196,220,
69,12/15/2024 0:00,3,210,62,325,106,150,548,
70,12/15/2024 0:00,1,254,50,229,27,163,292,
71,12/15/2024 4:12,2,123,32,863,684,194,1953,
72,12/15/2024 4:12,0,1,8,1041,590,791,1953,
73,12/15/2024 4:12,2,72,58,1953,117,1644,1953,
74,12/15/2024 4:12,1,2,14,1116,147,856,1301,
75,12/15/2024 10:00,2,255,40,452,144,180,601,
77,12/15/2024 17:36,2,154,6,626,80,529,710,
78,12/15/2024 18:48,1,151,8,576,171,431,880,
79,12/15/2024 21:12,1,85,8,161,385,115,893,
80,12/16/2024 18:36,1,124,14,508,56,405,578,
81,12/16/2024 21:48,1,39,12,292,86,221,480,
82,12/16/2024 23:24,2,279,12,543,96,400,710,
83,12/17/2024 4:36,3,87,76,322,84,126,529,
84,12/17/2024 4:36,1,91,12,243,54,181,350,
85,12/17/2024 7:36,2,149,52,342,60,229,452,
86,12/17/2024 12:48,1,88,34,452,95,349,679,
87,12/17/2024 16:00,0,154,10,1027,461,589,1838,
88,12/17/2024 16:00,1,222,34,584,655,258,1953,
89,12/17/2024 16:12,1,130,14,813,431,390,1736,
90,12/17/2024 16:12,0,263,8,1302,397,624,1736,
91,12/17/2024 16:36,3,28,66,595,293,100,1250,
92,12/17/2024 16:36,1,81,20,1157,599,246,1953,
93,12/18/2024 0:24,2,119,12,400,55,323,480,
94,12/18/2024 6:36,1,280,18,358,113,212,595,
95,12/18/2024 15:12,1,250,10,456,42,388,520,
96,12/18/2024 15:36,1,47,8,226,5,224,236,
97,12/18/2024 23:24,0,287,12,303,105,183,446,
98,12/19/2024 1:25,2,54,42,370,207,108,871,
99,12/19/2024 2:12,1,43,8,211,24,175,242,
100,12/19/2024 3:12,2,298,6,343,140,262,612,
101,12/19/2024 13:26,2,213,28,164,8,140,172,
102,12/19/2024 18:47,1,355,28,726,110,542,801,
103,12/19/2024 18:47,1,59,32,619,161,325,821,
104,12/20/2024 10:24,0,84,58,619,130,440,905,
105,12/20/2024 11:00,1,44,6,547,143,286,651,
106,12/20/2024 21:00,1,246,22,282,18,246,312,
107,12/20/2024 22:24,1,104,18,334,54,246,400,
108,12/20/2024 23:24,1,354,14,258,58,223,372,
109,12/20/2024 23:24,0,31,24,309,75,184,400,
110,12/21/2024 2:12,1,49,52,385,77,234,504,
111,12/21/2024 2:24,0,50,6,110,7,106,124,
112,12/21/2024 9:48,1,45,84,425,7,422,452,
113,12/21/2024 11:36,2,237,64,520,225,130,946,
114,12/21/2024 11:36,1,308,26,327,75,170,434,
115,12/21/2024 12:36,3,137,40,284,100,108,520,
116,12/21/2024 12:36,1,156,14,616,134,496,868,
117,12/21/2024 13:25,1,105,12,189,30,156,246,
120,12/21/2024 20:12,1,96,18,748,446,108,1644,
121,12/21/2024 20:48,1,138,38,452,272,105,1247,
122,12/21/2024 21:00,2,194,38,858,501,246,1839,
123,12/21/2024 23:24,4,47,44,534,128,322,679,
124,12/21/2024 23:36,1,33,12,681,189,473,951,
125,12/22/2024 0:48,1,117,36,710,131,538,976,
127,12/22/2024 5:00,1,230,18,589,182,240,664,
128,12/22/2024 5:36,5,75,80,399,141,221,762,
129,12/22/2024 5:36,1,52,10,401,591,201,1644,
130,12/22/2024 6:36,1,298,22,1289,483,508,1952,
131,12/22/2024 6:36,2,352,54,1562,619,411,2016,
132,12/22/2024 6:36,1,302,10,1229,373,919,1953,
133,12/22/2024 6:48,1,302,14,1330,389,762,1953,
134,12/22/2024 7:36,2,161,16,201,24,180,256,
135,12/22/2024 14:36,2,213,12,322,77,203,393,
136,12/22/2024 14:36,1,214,14,332,16,303,359,
137,12/22/2024 15:36,1,162,30,694,96,480,761,
138,12/22/2024 16:48,2,323,32,108,43,102,206,
139,12/22/2024 18:36,1,255,12,525,140,469,844,
140,12/23/2024 6:12,2,96,38,355,87,224,568,
141,12/23/2024 6:24,1,81,12,217,9,217,234,
142,12/23/2024 9:24,1,129,20,411,75,267,504,
143,12/23/2024 11:24,3,193,80,624,178,192,868,
144,12/23/2024 11:24,3,176,34,212,152,114,568,
145,12/23/2024 12:48,1,18,10,1243,173,919,1420,
146,12/23/2024 12:48,1,66,46,1041,73,946,1249,
147,12/23/2024 19:00,2,214,26,435,163,246,744,
148,12/24/2024 0:36,1,152,10,536,87,488,679,
149,12/24/2024 5:12,1,231,16,900,38,856,946,
150,12/24/2024 8:24,1,130,6,506,214,292,868,
151,12/24/2024 9:24,1,181,32,297,70,228,452,
152,12/24/2024 15:12,1,168,6,180,53,117,229,
153,12/24/2024 16:48,0,49,8,506,93,452,679,
154,12/24/2024 20:12,2,201,60,801,357,218,1631,
155,12/25/2024 4:24,2,127,20,548,80,405,679,
156,12/25/2024 5:00,1,167,12,421,47,332,496,
158,12/25/2024 9:48,0,106,10,300,38,264,381,
159,12/25/2024 16:12,0,127,20,568,21,529,612,
160,12/25/2024 17:36,4,24,82,186,38,101,244,
161,12/25/2024 21:12,0,123,12,473,34,422,529,
162,12/25/2024 21:12,0,130,10,500,156,251,726,
163,12/25/2024 21:24,1,191,24,307,70,191,446,
164,12/26/2024 2:00,3,19,20,212,195,123,602,
165,12/26/2024 2:36,1,280,18,584,349,187,1302,
166,12/26/2024 2:48,1,159,16,354,240,303,744,
167,12/26/2024 4:12,1,136,10,702,125,651,919,
168,12/26/2024 5:36,1,107,68,726,63,600,892,
169,12/26/2024 6:12,3,13,32,262,115,146,480,
170,12/26/2024 15:24,1,115,16,534,2,534,538,
171,12/26/2024 17:36,2,87,36,868,347,300,1562,
172,12/26/2024 19:00,0,117,12,366,65,312,496,
173,12/26/2024 19:24,0,136,10,194,32,168,258,
174,12/27/2024 1:36,1,96,14,695,88,520,744,
175,12/27/2024 2:00,2,146,54,579,401,284,1490,
177,12/27/2024 4:49,1,166,26,449,63,339,589,
178,12/27/2024 6:24,3,95,28,578,346,184,1116,
179,12/27/2024 9:12,1,219,12,411,231,180,727,
180,12/27/2024 10:12,1,79,24,151,31,130,213,
181,12/27/2024 18:00,2,73,28,152,21,111,182,
182,12/28/2024 2:24,1,221,12,710,438,217,1358,
183,12/28/2024 6:12,1,57,16,138,17,132,168,
184,12/28/2024 7:12,3,132,18,423,174,142,589,
185,12/28/2024 17:12,1,56,18,529,57,381,558,
186,12/28/2024 18:36,0,120,18,822,122,651,1041,
187,12/28/2024 20:12,1,201,8,476,30,440,512,
188,12/29/2024 3:24,2,83,8,313,47,258,390,
189,12/29/2024 5:48,1,67,24,443,20,411,480,
191,12/29/2024 6:24,1,1,12,246,26,233,303,
192,12/29/2024 6:24,2,215,56,252,61,181,413,
193,12/29/2024 6:48,0,172,14,411,19,381,440,
194,12/29/2024 9:12,1,316,58,337,65,205,440,
195,12/29/2024 11:24,1,126,18,323,104,216,520,
196,12/29/2024 11:24,1,123,24,801,289,355,1329,
197,12/29/2024 17:12,1,267,12,400,56,343,512,
198,12/29/2024 17:36,1,182,14,579,54,469,624,
199,12/29/2024 18:12,2,345,28,451,67,351,600,
200,12/29/2024 18:12,1,216,18,568,107,440,726,
201,12/30/2024 0:00,6,225,52,139,18,100,178,
202,12/30/2024 0:12,4,218,62,165,35,101,254,
203,12/30/2024 5:00,3,316,86,322,47,234,466,
204,12/30/2024 10:36,1,214,18,451,83,395,612,
205,12/30/2024 16:00,4,10,14,171,28,131,218,
206,12/30/2024 17:36,4,359,16,185,7,171,197,
207,12/30/2024 23:24,1,126,10,201,36,128,221,
208,12/31/2024 11:24,5,23,40,226,42,163,339,
209,12/31/2024 12:48,2,295,16,481,236,164,803,
210,12/31/2024 13:48,2,129,16,744,349,405,1562,
211,12/31/2024 16:48,3,291,24,437,222,170,919,
212,12/31/2024 17:00,2,218,6,384,66,315,496,
213,12/31/2024 17:24,2,59,16,361,726,164,1644,
2,1/1/2025 4:48,2,213,28,215,59,146,355,
3,1/1/2025 5:12,1,290,6,234,49,155,292,
4,1/1/2025 8:24,1,70,62,226,41,187,322,
5,1/1/2025 11:36,3,284,38,361,103,176,568,
6,1/1/2025 19:00,2,80,38,270,24,242,318,
7,1/2/2025 2:00,1,291,8,244,7,231,252,
8,1/2/2025 2:12,1,302,10,199,115,110,428,
9,1/2/2025 2:48,1,53,16,390,155,234,744,
10,1/2/2025 14:36,2,264,66,405,77,246,558,
11,1/2/2025 18:51,2,274,22,359,74,254,475,
12,1/2/2025 18:51,1,85,32,833,669,254,1953,
13,1/3/2025 15:24,1,129,20,506,15,480,529,
14,1/3/2025 23:12,3,82,50,270,37,216,327,
15,1/4/2025 5:48,1,284,82,573,161,277,1007,
16,1/4/2025 13:25,2,77,68,241,46,165,328,
17,1/4/2025 14:48,2,266,78,610,159,361,1157,
18,1/4/2025 14:48,1,263,12,447,55,355,480,
19,1/4/2025 15:24,1,77,8,105,2,101,107,
21,1/4/2025 21:24,4,153,12,248,200,144,679,
22,1/5/2025 19:24,1,59,16,289,47,262,381,
23,1/5/2025 19:36,2,167,12,434,43,351,459,
24,1/5/2025 19:48,1,173,12,292,4,292,300,
25,1/6/2025 5:48,1,55,12,496,54,446,612,
26,1/6/2025 20:24,2,251,16,504,115,400,744,
27,1/6/2025 20:36,1,249,24,480,77,385,624,
28,1/7/2025 6:36,3,33,12,122,10,108,138,
29,1/7/2025 7:00,6,335,80,186,34,115,252,
30,1/7/2025 11:36,2,184,6,252,78,146,318,
31,1/7/2025 13:25,0,63,8,1157,626,201,2016,
32,1/7/2025 13:25,1,96,26,1738,484,679,2016,
33,1/7/2025 13:36,1,132,14,1564,258,1179,1953,
34,1/7/2025 14:24,1,215,16,977,489,127,1838,
35,1/7/2025 16:12,4,160,54,159,166,74,548,
36,1/7/2025 16:48,4,204,62,367,24,322,411,
38,1/7/2025 23:12,2,256,18,481,78,422,624,
39,1/7/2025 23:48,3,169,44,393,260,232,1041,
40,1/8/2025 4:36,2,261,24,395,116,156,529,
41,1/8/2025 9:48,2,10,10,256,84,97,336,
42,1/8/2025 12:24,5,9,8,292,118,106,318,
43,1/9/2025 1:36,1,247,8,448,199,138,600,
44,1/9/2025 4:00,1,105,8,566,88,446,678,
45,1/9/2025 7:48,4,192,30,167,463,144,1562,
46,1/9/2025 13:36,1,124,26,397,252,186,762,
47,1/11/2025 2:12,1,74,6,137,183,129,504,
48,1/11/2025 3:00,1,110,42,228,42,154,322,
49,1/11/2025 8:12,2,333,40,664,272,322,1201,
50,1/11/2025 17:48,2,71,8,781,311,337,1036,
51,1/11/2025 21:24,1,247,8,401,92,306,558,
52,1/12/2025 4:48,1,244,10,466,116,234,548,
53,1/12/2025 19:24,4,284,22,864,275,274,1116,
54,1/13/2025 1:36,11,1,44,651,337,164,1202,
55,1/13/2025 5:24,1,302,14,635,331,262,1157,
56,1/14/2025 0:48,4,215,44,354,106,188,520,
57,1/14/2025 7:12,1,202,10,246,83,102,339,
58,1/14/2025 8:48,1,301,12,744,287,252,946,
59,1/14/2025 10:48,4,307,12,347,424,195,1116,
60,1/14/2025 12:00,5,133,16,408,289,103,1041,
61,1/14/2025 22:00,1,137,8,277,28,248,323,
62,1/15/2025 13:25,1,223,8,406,80,293,501,
63,1/15/2025 21:12,6,146,26,269,126,101,512,
64,1/15/2025 22:36,1,157,8,104,80,101,232,
65,1/16/2025 22:12,2,202,58,544,177,215,844,
66,1/16/2025 23:24,1,151,8,568,199,390,892,
67,1/17/2025 0:12,1,100,10,1079,116,946,1301,
68,1/17/2025 0:24,0,85,16,1422,73,1302,1486,
69,1/17/2025 0:36,2,216,10,639,396,246,1251,
70,1/17/2025 4:39,1,218,14,598,605,139,1760,
71,1/17/2025 9:36,2,210,10,189,76,128,332,
72,1/17/2025 14:00,2,167,36,434,36,359,496,
73,1/17/2025 15:36,1,185,16,512,121,374,710,
74,1/17/2025 15:48,0,184,10,439,71,385,589,
75,1/17/2025 16:00,0,343,24,376,55,315,496,
76,1/17/2025 21:12,1,338,22,408,186,332,844,
77,1/17/2025 21:12,1,250,14,538,74,496,686,
78,1/18/2025 1:36,1,332,54,668,241,242,1358,
79,1/18/2025 15:12,2,320,42,319,72,206,446,
80,1/19/2025 3:24,5,221,52,440,626,212,1953,
81,1/19/2025 7:00,1,316,34,299,107,209,548,
82,1/19/2025 8:24,1,193,8,339,163,178,624,
83,1/19/2025 20:00,2,352,82,278,47,209,390,
84,1/20/2025 6:24,1,335,48,303,63,242,500,
85,1/20/2025 9:12,1,236,14,781,331,376,1420,
86,1/20/2025 14:00,0,344,14,373,19,332,395,
87,1/20/2025 15:24,1,226,22,275,44,218,381,
88,1/20/2025 19:24,1,238,14,772,614,372,1838,
89,1/20/2025 19:48,2,103,28,218,50,170,315,
90,1/20/2025 20:24,1,129,12,252,51,244,362,
91,1/21/2025 3:48,2,345,60,710,180,369,1116,
92,1/21/2025 4:48,2,188,26,744,366,215,1358,
93,1/21/2025 8:24,1,228,26,1293,340,1006,1953,
94,1/21/2025 9:24,1,131,72,600,159,310,976,
96,1/21/2025 16:36,1,171,32,176,40,119,269,
97,1/21/2025 17:48,1,357,12,512,58,400,563,
98,1/22/2025 3:48,0,5,8,600,85,446,612,
99,1/22/2025 4:36,1,226,26,1249,227,919,1562,
100,1/22/2025 8:24,1,5,16,397,78,322,568,
102,1/22/2025 11:00,1,93,12,294,69,173,372,
103,1/22/2025 11:00,1,233,12,143,5,136,151,
104,1/22/2025 11:48,1,294,18,343,248,170,1008,
105,1/22/2025 12:36,2,222,10,168,21,123,183,
106,1/22/2025 13:36,1,105,16,224,21,183,234,
107,1/22/2025 19:12,1,9,20,446,154,224,694,
108,1/23/2025 2:12,2,202,50,672,145,355,868,
109,1/23/2025 3:24,3,113,80,422,206,236,919,
110,1/23/2025 3:36,1,21,8,500,869,400,1953,
111,1/23/2025 3:36,1,76,6,431,386,383,1201,
112,1/23/2025 5:00,1,118,14,364,72,283,496,
113,1/23/2025 6:12,1,203,16,1041,184,651,1249,
114,1/23/2025 13:36,4,116,14,426,58,376,538,
115,1/23/2025 17:00,2,223,24,152,47,108,248,
116,1/23/2025 17:00,1,282,10,274,20,242,282,
117,1/24/2025 9:12,2,223,52,190,21,146,231,
119,1/24/2025 12:12,5,124,34,340,169,186,771,
120,1/24/2025 12:12,1,63,12,363,63,260,467,
121,1/24/2025 14:01,4,222,42,226,319,112,1249,
122,1/24/2025 14:12,1,6,22,1234,715,176,1953,
123,1/24/2025 15:24,1,269,20,1453,912,161,1953,
124,1/24/2025 20:24,1,245,52,204,24,173,264,
125,1/24/2025 21:00,1,99,8,275,14,264,300,
126,1/24/2025 22:36,3,128,14,363,97,211,512,
127,1/25/2025 0:12,2,168,14,330,91,252,496,
128,1/25/2025 3:24,2,256,66,473,155,215,694,
129,1/25/2025 8:00,2,121,20,292,119,149,508,
130,1/25/2025 8:00,1,277,28,309,85,231,512,
131,1/25/2025 17:48,2,258,70,466,149,226,821,
132,1/25/2025 20:36,0,179,12,302,3,300,307,
133,1/25/2025 21:12,2,359,16,241,7,226,249,
134,1/26/2025 1:25,1,107,52,965,113,710,1201,
135,1/26/2025 2:12,4,106,34,324,148,163,694,
136,1/26/2025 8:12,6,115,48,641,204,303,1008,
137,1/26/2025 12:48,2,97,16,440,206,128,687,
138,1/26/2025 19:00,2,121,40,771,125,488,868,
139,1/26/2025 20:48,0,353,12,488,98,343,637,
140,1/27/2025 0:00,1,260,18,335,103,234,512,
141,1/27/2025 11:00,0,256,30,336,114,197,578,
142,1/27/2025 16:00,1,235,36,318,80,214,446,
143,1/27/2025 19:12,1,112,10,457,201,317,892,
144,1/27/2025 19:24,1,240,18,276,49,199,376,
145,1/27/2025 21:12,0,117,12,261,85,140,343,
146,1/27/2025 21:36,1,111,12,411,703,267,1838,
147,1/28/2025 0:48,1,336,38,220,33,151,270,
148,1/28/2025 1:25,1,327,24,226,30,156,242,
149,1/28/2025 8:24,1,239,56,313,48,234,411,
150,1/28/2025 10:00,2,12,14,118,67,101,240,
151,1/28/2025 13:48,3,72,30,97,6,96,112,
152,1/28/2025 13:48,1,19,36,244,26,200,288,
153,1/28/2025 15:12,1,36,10,98,2,97,102,
154,1/28/2025 15:48,2,70,30,97,1,97,101,
155,1/28/2025 17:48,2,40,42,312,128,100,466,
156,1/28/2025 19:48,3,93,60,376,555,101,1736,
157,1/28/2025 20:36,3,99,12,100,3,99,107,
158,1/28/2025 23:36,1,172,6,253,105,162,425,
159,1/29/2025 5:00,1,242,26,291,65,211,409,
160,1/29/2025 16:34,1,237,32,221,28,176,269,
161,1/29/2025 18:48,1,235,52,411,2,405,411,
162,1/29/2025 23:24,1,256,26,207,18,172,238,
163,1/30/2025 11:12,1,235,56,801,21,762,868,
165,1/30/2025 16:24,2,73,16,180,71,115,322,
166,1/30/2025 18:24,1,265,16,100,2,98,104,
167,1/30/2025 18:36,1,46,14,243,36,199,312,
168,1/31/2025 1:25,3,76,14,153,29,100,170,
170,1/31/2025 14:24,3,47,48,299,92,151,538,
171,1/31/2025 17:00,1,279,8,219,29,172,254,
172,1/31/2025 17:00,0,235,8,381,39,323,437,
173,1/31/2025 23:24,1,249,32,251,87,188,442,
1,2/1/2025 13:36,3,30,30,376,172,221,762,
2,2/1/2025 14:36,2,253,76,399,85,200,543,
3,2/1/2025 17:12,1,300,26,372,112,220,558,
4,2/2/2025 2:00,1,210,34,303,58,161,393,
6,2/2/2025 5:36,1,60,6,180,45,107,214,
7,2/2/2025 6:00,1,158,22,494,226,381,1041,
8,2/2/2025 14:36,2,20,30,552,147,294,801,
10,2/2/2025 23:00,1,124,34,919,99,735,1163,
11,2/2/2025 23:12,2,58,34,778,636,376,1953,
12,2/3/2025 1:25,1,174,18,306,154,104,607,
13,2/3/2025 11:24,4,196,30,844,472,224,1562,
14,2/3/2025 14:48,1,59,20,199,30,149,231,
15,2/3/2025 23:36,1,121,20,1644,69,1562,1735,
16,2/4/2025 0:36,1,170,18,351,89,199,456,
17,2/4/2025 7:12,11,352,62,138,41,102,276,
18,2/4/2025 8:12,0,163,12,512,61,416,568,
19,2/4/2025 12:00,1,73,36,240,68,169,385,
20,2/4/2025 15:36,2,202,22,216,136,130,512,
21,2/4/2025 15:36,1,209,16,189,7,173,195,
22,2/4/2025 21:12,1,160,14,439,99,245,484,
24,2/5/2025 4:24,1,348,10,156,84,100,306,
25,2/5/2025 4:36,1,351,8,336,28,328,385,
26,2/5/2025 5:36,1,153,12,367,72,254,428,
27,2/5/2025 11:12,2,79,36,600,403,188,1736,
28,2/5/2025 17:12,1,134,14,417,36,339,459,
29,2/5/2025 21:12,2,71,32,279,50,176,376,
30,2/5/2025 23:00,1,129,20,539,44,439,589,
31,2/6/2025 2:36,1,162,26,612,259,359,1249,
32,2/6/2025 2:48,2,102,78,679,384,192,1644,
33,2/6/2025 11:24,2,347,64,439,96,363,686,
34,2/6/2025 13:25,1,357,36,1281,252,712,1735,
36,2/6/2025 13:36,1,188,22,474,297,120,1116,
37,2/7/2025 2:48,1,149,56,532,48,449,637,
38,2/7/2025 23:00,1,99,40,512,191,131,781,
39,2/8/2025 10:00,0,262,22,214,14,195,246,
40,2/8/2025 12:00,3,228,18,1488,255,1077,1953,
41,2/8/2025 13:36,1,117,12,415,539,300,1488,
42,2/8/2025 20:00,1,286,14,292,7,281,300,
43,2/9/2025 9:36,2,105,8,394,684,232,1644,
44,2/9/2025 11:12,1,109,32,251,33,180,274,
45,2/9/2025 23:00,0,117,12,946,466,193,1302,
46,2/9/2025 23:48,3,79,36,442,287,64,1046,
47,2/10/2025 1:36,1,285,40,233,71,165,390,
48,2/10/2025 3:36,1,138,6,682,78,578,781,
49,2/10/2025 6:36,1,326,22,686,472,248,1689,
50,2/10/2025 9:48,1,309,12,1460,196,1116,1644,
51,2/10/2025 18:00,1,79,16,374,57,315,459,
52,2/11/2025 1:36,0,200,14,230,133,88,504,
53,2/11/2025 6:36,3,85,44,612,242,96,1249,
54,2/11/2025 11:24,1,107,20,101,0,101,102,
55,2/11/2025 18:24,2,95,80,239,2,237,245,
56,2/14/2025 0:12,0,82,6,782,481,664,1736,
57,2/14/2025 1:25,1,54,10,395,78,251,434,
58,2/14/2025 8:24,1,126,30,568,645,184,1953,
59,2/14/2025 11:00,1,71,8,262,28,220,296,
61,2/14/2025 22:12,1,155,16,421,202,254,892,
62,2/14/2025 23:00,1,343,16,281,68,206,408,
63,2/15/2025 1:25,1,55,20,528,93,372,639,
64,2/15/2025 13:25,4,191,88,681,118,395,804,
66,2/15/2025 14:48,1,354,10,1304,54,1250,1358,
67,2/15/2025 14:48,1,301,44,1893,140,1524,1893,
68,2/15/2025 20:36,1,309,24,665,180,325,868,
69,2/15/2025 23:36,1,209,36,332,111,200,606,
70,2/16/2025 9:12,1,171,12,351,57,292,446,
71,2/16/2025 10:00,1,346,14,211,22,180,246,
72,2/16/2025 12:00,1,299,40,381,81,170,520,
73,2/16/2025 19:24,1,130,10,976,37,976,1041,
74,2/16/2025 21:12,1,99,8,226,41,220,294,
75,2/18/2025 20:24,2,171,12,446,22,434,488,
76,2/19/2025 7:12,1,238,34,368,54,318,512,
78,2/19/2025 20:24,1,212,18,1644,132,1524,1838,
79,2/19/2025 23:48,2,229,84,326,78,151,496,
80,2/19/2025 23:48,1,262,34,528,152,347,919,
81,2/20/2025 0:36,2,50,26,234,118,200,558,
82,2/20/2025 1:48,1,65,8,205,3,199,208,
83,2/20/2025 5:36,1,163,24,637,414,118,1487,
84,2/20/2025 6:00,1,40,10,1589,442,710,1952,
85,2/20/2025 7:48,1,206,22,293,79,166,428,
86,2/20/2025 8:00,3,191,24,278,65,176,336,
87,2/20/2025 10:12,1,94,66,538,70,339,694,
88,2/20/2025 12:48,2,41,32,625,540,269,1778,
89,2/20/2025 19:24,1,111,12,585,202,207,892,
90,2/20/2025 21:00,1,36,14,459,750,343,1953,
91,2/20/2025 21:00,1,187,8,410,121,400,613,
92,2/21/2025 1:48,3,2,62,309,61,202,428,
93,2/21/2025 7:48,4,209,28,452,144,125,589,
95,2/21/2025 13:25,1,223,8,473,88,398,639,
96,2/21/2025 16:36,1,115,16,452,231,130,844,
97,2/21/2025 21:24,3,14,82,271,56,140,390,
98,2/21/2025 22:24,2,306,18,781,162,437,1000,
99,2/22/2025 3:24,3,313,28,361,211,107,801,
100,2/22/2025 5:00,5,92,22,718,418,217,1736,
101,2/22/2025 5:24,1,313,16,328,58,255,434,
102,2/22/2025 8:00,1,87,44,365,135,123,568,
103,2/22/2025 11:00,2,342,22,237,26,201,284,
104,2/22/2025 21:36,1,309,24,297,50,228,411,
105,2/22/2025 22:12,2,245,36,284,56,221,419,
106,2/22/2025 22:12,1,239,20,166,30,135,226,
107,2/22/2025 23:00,0,221,20,374,57,256,446,
108,2/23/2025 2:36,2,311,60,512,125,264,791,
109,2/23/2025 5:24,1,81,48,309,105,199,612,
110,2/23/2025 5:24,1,52,22,295,127,98,520,
111,2/23/2025 13:48,1,109,12,920,375,361,1358,
112,2/23/2025 19:48,2,315,84,892,428,306,1838,
113,2/23/2025 20:24,2,247,44,602,204,292,919,
114,2/24/2025 2:12,1,131,12,496,4,496,504,
115,2/24/2025 5:24,4,293,88,694,497,223,1736,
116,2/24/2025 6:24,1,237,36,992,386,281,1644,
117,2/24/2025 11:00,1,246,22,414,118,251,664,
118,2/24/2025 19:48,1,236,26,279,118,226,612,
120,2/24/2025 21:12,1,170,6,451,175,332,781,
121,2/24/2025 22:12,1,241,32,992,530,286,1736,
122,2/25/2025 2:48,5,222,38,429,243,101,801,
123,2/25/2025 16:00,3,322,26,1035,552,318,2016,
124,2/25/2025 16:48,1,268,30,452,140,285,781,
125,2/26/2025 2:36,2,30,50,308,56,206,446,
126,2/26/2025 5:36,1,247,20,473,113,220,548,
127,2/26/2025 6:24,2,269,36,901,234,395,1201,
128,2/26/2025 6:36,4,43,28,568,559,133,1644,
129,2/26/2025 14:12,3,222,66,587,178,297,844,
130,2/26/2025 16:24,3,116,50,506,159,336,932,
131,2/26/2025 16:36,1,71,24,274,60,200,403,
132,2/26/2025 18:48,1,119,24,378,34,336,466,
133,2/26/2025 20:36,4,224,22,211,61,182,363,
134,2/26/2025 22:36,1,297,16,170,52,110,269,
135,2/27/2025 0:00,2,250,18,377,87,258,568,
136,2/27/2025 11:24,3,220,50,431,117,198,724,
137,2/27/2025 11:48,1,266,6,328,50,244,367,
138,2/27/2025 19:12,4,42,50,241,81,158,434,
139,2/27/2025 22:00,4,38,26,154,58,103,299,
140,2/28/2025 2:24,1,23,28,208,37,160,281,
142,2/28/2025 17:24,1,224,62,304,95,106,452,
143,2/28/2025 18:00,0,37,12,459,168,182,625,
144,2/28/2025 19:12,1,158,14,1812,839,336,1952,
1,3/1/2025 18:12,4,154,86,400,72,224,529,
2,3/1/2025 23:24,2,160,70,612,561,125,1953,
3,3/2/2025 1:24,1,111,8,801,12,801,822,
4,3/2/2025 3:48,1,115,16,976,170,694,1201,
5,3/2/2025 9:48,0,116,18,875,134,744,1116,
7,3/2/2025 10:48,1,57,8,192,39,120,214,
8,3/2/2025 12:12,2,190,46,410,737,126,1952,
9,3/3/2025 1:00,0,231,12,460,128,351,694,
10,3/3/2025 9:24,3,55,28,324,80,173,473,
11,3/3/2025 12:00,1,172,14,560,146,385,868,
12,3/3/2025 17:24,2,159,24,844,349,170,976,
13,3/3/2025 19:24,1,298,6,1099,455,452,1736,
14,3/4/2025 1:00,1,134,14,771,143,637,1008,
15,3/4/2025 3:36,2,177,60,563,438,144,1838,
16,3/4/2025 3:36,1,163,16,1179,221,932,1602,
17,3/4/2025 10:00,1,249,8,744,145,466,801,
18,3/4/2025 10:24,1,163,16,631,118,477,880,
19,3/4/2025 12:48,0,186,6,474,171,241,721,
20,3/4/2025 18:24,1,159,8,281,114,128,473,
21,3/4/2025 18:24,1,238,10,1117,219,694,1275,
22,3/4/2025 21:25,1,280,34,1477,503,596,1874,
23,3/4/2025 23:24,1,306,6,1953,125,1736,1953,
24,3/5/2025 3:12,2,85,32,613,168,289,919,
25,3/5/2025 5:24,3,130,22,416,145,279,744,
26,3/5/2025 11:12,1,345,16,473,115,258,548,
27,3/5/2025 12:36,1,162,26,285,98,168,538,
28,3/5/2025 18:12,1,341,32,361,103,250,625,
29,3/6/2025 5:48,1,170,22,223,47,166,322,
30,3/7/2025 1:24,2,184,74,416,96,214,644,
31,3/7/2025 1:48,1,162,10,837,109,744,1041,
32,3/7/2025 3:24,0,134,14,467,11,446,478,
33,3/7/2025 9:48,1,251,8,226,18,202,250,
34,3/7/2025 16:48,2,326,46,267,84,148,446,
35,3/7/2025 19:36,6,217,60,321,173,107,744,
36,3/7/2025 21:49,1,167,36,461,148,227,808,
37,3/8/2025 7:24,4,223,44,339,105,158,589,
38,3/8/2025 9:36,1,180,6,429,47,372,496,
39,3/8/2025 9:36,2,327,44,244,25,231,317,
40,3/8/2025 22:24,2,67,28,538,260,252,1116,
41,3/9/2025 12:48,1,31,12,689,147,499,892,
42,3/10/2025 4:12,2,194,14,1473,505,753,1953,
43,3/10/2025 8:36,1,192,14,446,33,372,466,
44,3/10/2025 10:00,2,233,16,388,39,315,440,
45,3/11/2025 16:48,1,45,8,556,356,529,1159,
46,3/11/2025 17:00,1,41,12,664,186,332,961,
47,3/11/2025 19:00,1,13,12,254,135,184,512,
48,3/11/2025 21:36,1,310,14,261,112,160,520,
49,3/11/2025 23:24,1,40,10,726,86,651,892,
50,3/13/2025 1:48,2,200,18,1953,223,1562,2016,
51,3/13/2025 9:48,1,220,6,252,92,159,393,
52,3/13/2025 16:48,1,24,18,554,97,395,671,
53,3/14/2025 1:40,1,53,24,758,194,471,1096,
54,3/14/2025 3:04,1,210,6,779,206,595,1117,
55,3/14/2025 12:48,1,198,6,634,304,592,1238,
56,3/15/2025 1:25,1,48,6,367,218,123,665,
58,3/15/2025 11:00,1,258,6,436,175,307,762,
59,3/15/2025 15:48,1,303,8,1096,512,946,1953,
60,3/15/2025 19:12,1,51,8,1200,409,612,1736,
61,3/15/2025 23:36,3,244,42,812,524,452,1893,
62,3/16/2025 1:25,1,192,6,1183,560,590,1957,
63,3/16/2025 1:36,0,53,12,320,95,172,488,
64,3/16/2025 2:24,1,50,6,1080,368,610,1488,
65,3/16/2025 4:12,1,109,28,209,74,159,372,
66,3/16/2025 10:48,1,323,16,234,19,205,258,
67,3/16/2025 21:00,2,13,52,326,14,292,355,
68,3/16/2025 21:12,2,300,50,258,42,178,315,
69,3/16/2025 21:24,1,108,10,293,51,240,372,
70,3/17/2025 11:12,1,279,60,234,19,205,292,
71,3/17/2025 12:00,3,103,16,437,397,137,1201,
72,3/17/2025 20:00,2,18,58,318,125,146,694,
73,3/17/2025 20:00,2,10,34,155,11,132,174,
74,3/18/2025 7:48,2,110,38,781,324,243,1327,
75,3/18/2025 8:48,1,98,6,356,436,274,1225,
76,3/18/2025 16:09,2,66,18,344,126,119,518,
78,3/19/2025 5:24,1,305,8,390,133,195,480,
79,3/19/2025 7:24,3,284,38,452,87,284,651,
81,3/19/2025 8:12,3,79,32,264,115,150,466,
82,3/19/2025 11:00,0,129,8,216,19,189,244,
83,3/19/2025 16:00,1,163,8,1562,263,1358,1953,
84,3/19/2025 17:12,1,278,6,415,109,332,612,
85,3/19/2025 23:24,0,191,8,728,62,625,781,
86,3/19/2025 23:36,2,275,72,892,561,367,1953,
87,3/20/2025 0:12,2,251,24,312,56,196,378,
88,3/20/2025 2:12,2,242,10,283,13,279,310,
89,3/20/2025 17:12,1,259,48,844,116,710,1116,
90,3/21/2025 8:36,2,23,44,317,79,173,428,
91,3/21/2025 15:48,1,126,30,1077,319,892,1644,
92,3/21/2025 16:24,1,244,58,258,58,165,395,
93,3/21/2025 16:24,2,247,12,163,44,100,229,
94,3/22/2025 7:36,1,50,10,480,64,376,568,
95,3/22/2025 7:48,1,45,52,405,153,202,694,
96,3/22/2025 12:00,1,117,12,744,203,589,1116,
97,3/22/2025 12:48,3,312,30,249,165,147,664,
98,3/22/2025 13:48,2,27,56,408,101,217,651,
99,3/22/2025 16:00,0,122,38,1116,198,892,1736,
101,3/22/2025 16:24,1,73,28,976,569,529,1953,
102,3/22/2025 16:36,1,170,46,1690,289,919,1953,
103,3/22/2025 16:36,1,347,16,553,58,496,694,
104,3/22/2025 22:24,2,301,8,243,19,212,262,
105,3/23/2025 3:12,2,304,14,473,172,213,600,
106,3/23/2025 6:24,1,47,20,405,95,301,625,
107,3/23/2025 7:24,1,260,10,681,346,434,1358,
108,3/23/2025 8:00,3,63,40,456,103,256,694,
109,3/23/2025 8:24,0,256,10,278,42,216,347,
110,3/23/2025 9:12,1,168,6,735,38,679,771,
111,3/23/2025 11:12,1,301,8,391,84,322,534,
112,3/23/2025 12:48,1,108,14,637,41,578,679,
113,3/23/2025 13:25,0,93,8,409,22,390,446,
114,3/23/2025 17:00,2,100,6,494,34,452,548,
115,3/23/2025 19:48,0,252,10,271,27,240,325,
116,3/24/2025 15:45,0,114,18,744,66,662,892,
117,3/24/2025 19:12,0,117,12,763,387,606,1488,
118,3/24/2025 22:24,0,117,12,781,170,521,880,
119,3/25/2025 0:00,1,43,8,1358,320,1077,1953,
120,3/25/2025 2:12,1,49,12,1488,479,710,2016,
121,3/25/2025 2:36,1,43,12,946,63,844,1041,
122,3/25/2025 10:12,1,275,32,567,149,187,744,
123,3/25/2025 13:25,2,276,50,411,111,227,712,
124,3/25/2025 19:49,1,193,40,416,218,195,892,
125,3/26/2025 4:36,2,258,22,297,34,258,385,
126,3/26/2025 9:49,2,265,52,410,55,332,519,
127,3/26/2025 11:01,2,29,24,262,30,246,339,
128,3/26/2025 14:01,3,61,52,332,110,171,520,
129,3/26/2025 18:12,2,59,12,286,498,123,1495,
130,3/26/2025 21:26,2,256,30,338,108,147,569,
131,3/27/2025 4:25,1,55,12,228,14,205,244,
132,3/27/2025 5:36,1,36,10,278,52,183,345,
133,3/27/2025 5:36,2,310,10,356,72,300,513,
134,3/27/2025 7:36,1,221,12,133,16,107,160,
135,3/27/2025 8:01,1,221,8,156,7,149,166,
136,3/27/2025 21:36,4,141,64,351,129,190,694,
137,3/28/2025 1:37,0,217,16,216,44,138,275,
138,3/28/2025 7:25,2,168,6,121,43,107,207,
139,3/28/2025 14:04,1,278,54,267,201,164,637,
141,3/28/2025 16:48,2,69,16,466,139,372,801,
142,3/29/2025 1:36,1,118,14,311,233,161,764,
143,3/29/2025 1:36,1,76,18,466,177,244,868,
144,3/29/2025 1:48,2,8,6,396,96,257,496,
145,3/29/2025 5:36,4,108,30,746,356,347,1488,
146,3/29/2025 5:36,1,79,8,502,152,248,651,
147,3/29/2025 12:48,2,301,56,425,183,271,825,
148,3/29/2025 19:24,1,115,8,399,15,381,422,
149,3/29/2025 23:12,1,106,34,781,409,306,1488,
150,3/29/2025 23:12,2,167,8,437,181,223,664,
151,3/29/2025 23:12,2,94,14,997,535,694,1953,
152,3/30/2025 1:36,1,303,8,1077,336,679,1562,
153,3/30/2025 2:12,2,55,12,148,24,147,189,
154,3/30/2025 4:36,1,161,16,372,636,264,1785,
155,3/30/2025 8:36,4,313,80,694,380,161,1302,
156,3/30/2025 23:00,2,120,26,606,240,315,1136,
157,3/31/2025 5:12,1,49,12,277,19,253,309,
158,3/31/2025 7:00,4,86,14,128,21,121,177,
159,3/31/2025 7:36,3,91,8,181,31,128,205,
160,3/31/2025 9:24,1,40,10,433,48,347,488,
161,3/31/2025 12:12,1,321,20,172,22,143,209,
162,3/31/2025 20:36,1,317,12,254,37,208,309,
1,4/1/2025 15:24,1,73,12,512,39,452,568,
2,4/1/2025 18:24,3,95,68,488,191,188,864,
3,4/1/2025 19:36,2,164,14,753,592,242,1735,
4,4/2/2025 3:24,2,107,8,334,27,284,359,
5,4/2/2025 9:24,1,35,16,422,120,264,651,
6,4/2/2025 18:00,1,90,18,292,174,129,600,
7,4/3/2025 10:48,1,260,10,363,106,262,558,
8,4/3/2025 11:24,1,259,12,710,176,558,1059,
9,4/3/2025 16:24,2,261,16,781,75,686,919,
10,4/3/2025 17:48,2,86,62,801,362,196,1562,
11,4/3/2025 17:48,2,117,12,433,128,252,612,
12,4/3/2025 19:24,1,161,8,503,92,413,664,
13,4/3/2025 20:36,2,271,12,625,95,520,814,
14,4/4/2025 15:12,1,201,28,520,210,286,919,
15,4/4/2025 16:36,3,325,84,477,612,206,1953,
16,4/4/2025 17:36,1,251,8,561,34,538,624,
17,4/5/2025 0:36,2,259,20,578,211,359,1083,
19,4/5/2025 7:24,1,236,26,1225,578,376,2016,
20,4/5/2025 11:00,1,121,20,250,145,104,496,
21,4/5/2025 11:48,3,18,50,206,34,132,264,
22,4/5/2025 14:48,1,201,8,341,94,188,428,
23,4/5/2025 14:48,1,189,12,624,520,309,1736,
24,4/5/2025 16:12,2,239,16,844,302,286,1041,
25,4/5/2025 19:12,2,59,8,343,90,318,512,
26,4/6/2025 2:12,1,48,6,320,25,279,349,
27,4/6/2025 3:36,4,18,54,589,181,214,801,
28,4/6/2025 3:48,1,103,8,548,74,422,578,
29,4/6/2025 5:36,0,108,6,644,609,204,1602,
30,4/6/2025 6:48,1,337,16,286,98,112,425,
31,4/6/2025 18:48,2,59,24,644,203,309,1057,
32,4/6/2025 19:48,1,210,10,1005,459,672,1838,
33,4/6/2025 21:24,2,71,16,532,63,466,651,
34,4/6/2025 23:00,1,233,8,1488,614,422,1953,
35,4/7/2025 0:36,2,66,10,497,158,280,710,
36,4/7/2025 4:24,2,208,34,325,332,203,1249,
37,4/7/2025 5:12,1,85,8,578,217,201,718,
38,4/7/2025 11:00,1,68,14,383,109,220,512,
39,4/7/2025 11:48,3,70,30,481,95,312,686,
40,4/7/2025 12:36,1,76,6,768,383,452,1420,
41,4/7/2025 16:24,1,41,20,245,111,162,434,
42,4/7/2025 18:48,2,37,8,279,20,249,306,
43,4/7/2025 23:36,1,29,24,254,120,106,400,
44,4/7/2025 23:48,1,32,18,330,696,178,1838,
45,4/8/2025 5:48,2,97,84,1096,407,284,1736,
46,4/8/2025 6:36,1,31,36,536,186,315,1041,
47,4/8/2025 7:48,2,79,20,868,145,589,1008,
48,4/8/2025 10:00,1,242,14,443,51,343,504,
49,4/8/2025 15:12,1,67,12,459,87,425,651,
50,4/8/2025 20:24,2,47,52,323,100,191,538,
51,4/8/2025 23:48,1,215,12,315,584,181,1488,
52,4/9/2025 5:36,1,24,38,447,413,281,1420,
53,4/9/2025 10:36,1,161,12,292,157,124,568,
54,4/9/2025 21:12,1,357,16,264,32,201,309,
55,4/9/2025 23:24,1,83,28,272,55,176,390,
56,4/9/2025 23:24,1,230,10,871,481,255,1488,
57,4/10/2025 15:36,5,41,80,228,84,114,400,
58,4/10/2025 20:48,1,272,10,796,197,359,886,
59,4/10/2025 20:48,2,72,10,172,103,140,400,
60,4/10/2025 21:24,1,246,6,294,82,214,416,
61,4/10/2025 21:36,1,207,8,701,219,359,889,
62,4/11/2025 12:00,1,253,16,1041,498,332,1854,
63,4/11/2025 18:12,2,322,42,186,62,106,325,
64,4/11/2025 18:36,4,200,10,425,12,405,434,
65,4/11/2025 21:48,2,43,56,694,301,339,1562,
66,4/11/2025 23:00,2,198,10,784,616,286,1644,
67,4/11/2025 23:12,2,195,52,261,88,173,520,
68,4/12/2025 1:48,6,303,76,143,56,107,355,
69,4/12/2025 3:36,3,203,32,372,139,174,679,
70,4/12/2025 7:36,2,203,28,300,90,187,492,
71,4/12/2025 8:48,1,272,14,127,15,109,154,
72,4/12/2025 11:00,1,200,42,416,84,244,558,
73,4/12/2025 16:24,2,202,66,365,168,157,868,
74,4/12/2025 17:00,1,186,22,403,408,232,1485,
77,4/13/2025 11:48,1,304,10,192,24,159,229,
78,4/13/2025 14:36,2,183,12,312,140,159,600,
79,4/13/2025 17:48,1,39,20,440,632,233,1953,
80,4/13/2025 19:36,1,110,6,723,154,637,1008,
81,4/14/2025 3:24,1,196,6,1953,178,1644,1953,
82,4/14/2025 7:00,2,125,8,1689,737,538,1953,
83,4/14/2025 13:48,0,330,14,639,239,280,976,
84,4/14/2025 15:00,2,190,34,735,465,104,1838,
85,4/14/2025 15:12,2,129,12,1139,181,1041,1488,
86,4/14/2025 16:48,2,82,14,1368,363,801,2016,
87,4/14/2025 18:36,2,91,28,584,307,260,1249,
88,4/14/2025 22:24,2,217,20,835,123,694,1116,
89,4/14/2025 22:36,3,170,38,357,184,123,781,
90,4/15/2025 1:25,2,257,16,1008,603,512,1953,
91,4/15/2025 2:36,1,73,12,1358,319,919,1953,
92,4/15/2025 13:36,1,79,8,1430,288,1250,1953,
93,4/15/2025 14:48,4,89,36,679,185,422,1041,
94,4/15/2025 15:48,2,183,12,217,83,146,381,
95,4/15/2025 19:24,1,100,6,528,223,428,957,
96,4/15/2025 23:48,3,93,24,574,94,428,735,
97,4/16/2025 4:36,1,305,8,245,27,191,259,
98,4/17/2025 0:48,2,273,28,456,141,248,735,
99,4/17/2025 4:12,1,158,22,230,28,173,255,
100,4/17/2025 5:00,1,286,10,200,42,126,255,
101,4/17/2025 15:12,0,35,12,536,68,496,672,
102,4/17/2025 21:36,1,163,20,200,142,114,473,
103,4/18/2025 19:36,2,153,36,286,110,158,558,
105,4/19/2025 0:00,1,175,12,844,246,336,1077,
106,4/19/2025 14:24,1,95,8,393,52,303,443,
107,4/19/2025 15:24,1,336,10,309,182,244,702,
108,4/19/2025 17:00,2,174,42,328,343,206,1157,
109,4/20/2025 5:12,1,278,6,309,65,218,376,
110,4/20/2025 7:12,1,121,8,180,23,150,217,
111,4/20/2025 9:36,1,122,22,238,36,179,312,
112,4/20/2025 10:48,2,134,46,256,98,217,600,
114,4/21/2025 10:24,1,261,28,367,48,284,459,
115,4/21/2025 14:51,3,264,34,341,93,178,508,
116,4/21/2025 21:36,2,262,10,257,44,173,300,
117,4/21/2025 23:24,3,327,24,260,34,197,282,
118,4/21/2025 23:24,1,339,8,224,57,127,248,
119,4/22/2025 1:36,1,116,14,289,59,211,385,
120,4/22/2025 4:24,1,110,10,825,275,395,1157,
121,4/22/2025 8:36,2,180,42,1179,124,892,1388,
122,4/22/2025 9:36,1,189,8,1077,499,512,1953,
123,4/22/2025 10:12,4,54,50,244,89,164,462,
124,4/22/2025 10:24,3,268,70,606,319,306,1488,
125,4/22/2025 12:48,1,287,24,277,680,201,1644,
126,4/22/2025 16:48,2,345,16,403,167,281,811,
127,4/22/2025 17:36,1,28,38,198,27,131,220,
128,4/22/2025 19:12,1,38,38,447,142,200,651,
129,4/22/2025 22:00,1,47,16,250,6,241,260,
130,4/22/2025 22:36,1,94,6,541,85,488,694,
131,4/23/2025 5:12,1,266,6,285,102,178,440,
132,4/23/2025 5:12,1,94,6,579,31,538,624,
133,4/23/2025 7:48,5,230,82,268,62,145,398,
134,4/23/2025 9:24,2,101,8,361,86,218,452,
135,4/23/2025 10:36,2,273,12,201,626,99,1488,
136,4/23/2025 11:00,3,196,14,323,210,155,784,
137,4/23/2025 11:12,1,279,8,466,256,157,833,
138,4/23/2025 12:00,1,88,10,635,92,466,696,
139,4/23/2025 17:12,1,231,12,192,29,161,240,
140,4/24/2025 0:12,2,104,18,556,202,285,951,
141,4/24/2025 0:36,1,294,6,109,58,99,225,
142,4/24/2025 4:12,2,88,14,463,302,347,1201,
143,4/24/2025 6:12,3,302,70,496,161,178,781,
144,4/24/2025 6:12,2,328,22,483,58,390,589,
145,4/24/2025 6:36,2,269,36,589,561,204,1953,
146,4/24/2025 9:24,1,282,6,428,71,347,520,
147,4/24/2025 12:48,1,99,8,756,74,665,868,
148,4/24/2025 13:36,1,91,12,664,333,276,1250,
149,4/24/2025 14:00,1,191,12,989,544,624,1953,
150,4/26/2025 7:24,2,259,64,419,113,292,664,
151,4/26/2025 7:36,1,93,12,600,121,376,744,
152,4/26/2025 8:00,2,104,10,781,104,600,919,
153,4/26/2025 13:48,3,32,18,128,76,100,325,
154,4/26/2025 18:36,2,212,18,608,273,150,1041,
155,4/27/2025 16:48,1,86,10,628,363,303,1302,
156,4/28/2025 0:00,1,56,10,279,29,231,303,
157,4/28/2025 8:12,2,190,22,330,217,98,892,
158,4/28/2025 12:00,6,336,62,153,37,98,232,
159,4/28/2025 23:12,0,351,20,262,26,200,294,
160,4/29/2025 6:00,1,286,14,558,96,504,781,
161,4/29/2025 6:24,1,278,6,332,19,300,343,
162,4/29/2025 11:36,1,34,6,317,9,303,325,
163,4/29/2025 23:36,3,223,36,1202,448,411,1953,
164,4/30/2025 0:24,4,40,26,500,194,306,1008,
165,4/30/2025 0:24,1,254,6,961,448,548,1644,
166,4/30/2025 3:12,1,36,6,363,178,148,588,
167,4/30/2025 4:36,1,195,12,336,124,325,558,
1,5/1/2025 9:12,1,232,14,812,107,600,919,
2,5/1/2025 15:12,1,237,16,180,34,141,260,
3,5/1/2025 18:24,1,92,14,338,84,202,446,
4,5/2/2025 2:24,1,89,16,306,101,235,466,
5,5/2/2025 9:12,2,123,12,556,271,381,1116,
6,5/3/2025 17:36,0,253,16,465,156,285,752,
7,5/3/2025 17:36,1,245,8,400,649,168,1644,
8,5/4/2025 8:00,1,94,18,322,89,279,504,
9,5/4/2025 9:24,1,252,6,424,62,353,488,
10,5/4/2025 9:36,2,201,20,1644,610,488,1953,
11,5/4/2025 15:24,1,252,14,1157,345,437,1250,
12,5/4/2025 21:12,1,262,6,820,270,480,1201,
13,5/5/2025 0:36,2,254,66,247,67,177,440,
14,5/5/2025 2:00,3,256,34,214,120,138,488,
15,5/5/2025 8:36,1,108,30,844,553,595,1953,
16,5/5/2025 10:36,1,86,10,801,241,473,1077,
17,5/5/2025 15:00,3,56,46,557,196,211,1041,
18,5/6/2025 1:25,3,15,32,446,74,309,578,
19,5/6/2025 5:36,1,316,6,200,45,172,286,
20,5/6/2025 7:00,1,46,14,336,63,262,434,
21,5/6/2025 12:12,2,225,24,221,58,150,372,
22,5/6/2025 17:12,1,161,28,731,257,408,1461,
23,5/6/2025 18:24,5,341,56,801,542,109,1736,
24,5/6/2025 21:48,1,83,20,239,40,171,318,
25,5/7/2025 9:24,1,323,32,514,104,416,762,
26,5/7/2025 10:12,1,320,18,568,254,148,801,
27,5/7/2025 10:36,0,122,10,806,208,529,1116,
28,5/7/2025 11:00,7,38,74,297,68,143,363,
29,5/7/2025 16:12,1,210,26,288,100,138,480,
30,5/8/2025 2:24,3,301,16,679,611,109,1644,
31,5/8/2025 3:24,3,292,26,236,809,118,1953,
32,5/8/2025 5:12,1,46,10,322,145,126,558,
33,5/8/2025 10:24,3,299,60,381,355,170,1302,
34,5/8/2025 13:36,1,280,14,590,426,320,1644,
35,5/8/2025 15:12,7,221,28,781,494,119,1948,
36,5/8/2025 15:12,5,269,20,508,311,339,1275,
37,5/9/2025 5:48,3,208,6,206,764,118,1733,
38,5/9/2025 6:36,3,206,6,198,79,128,339,
39,5/9/2025 8:48,1,227,12,822,275,332,1038,
40,5/9/2025 9:12,2,248,6,733,327,548,1358,
41,5/9/2025 12:36,1,307,8,1208,480,653,1854,
42,5/9/2025 14:00,4,202,10,284,412,105,1201,
43,5/9/2025 21:00,2,215,48,1041,528,248,1953,
44,5/9/2025 22:24,1,204,22,592,691,121,1838,
45,5/10/2025 23:24,2,345,8,212,40,134,220,
46,5/11/2025 4:36,3,17,40,257,84,111,437,
47,5/11/2025 7:24,1,41,12,242,41,168,268,
48,5/11/2025 8:00,1,308,10,202,109,146,422,
49,5/11/2025 12:00,2,298,10,108,5,100,115,
50,5/11/2025 15:00,1,60,14,906,387,694,1838,
51,5/11/2025 15:12,5,294,22,112,10,101,135,
52,5/11/2025 19:12,1,354,18,231,315,114,919,
53,5/12/2025 5:48,0,65,12,676,440,496,1602,
54,5/12/2025 10:24,1,163,32,164,31,116,214,
55,5/12/2025 10:36,2,197,12,517,166,254,801,
56,5/12/2025 10:36,1,93,28,243,112,159,529,
57,5/12/2025 17:00,3,197,8,336,193,234,707,
58,5/12/2025 23:12,1,255,12,600,306,504,1302,
59,5/12/2025 23:12,1,0,30,332,34,287,395,
61,5/13/2025 0:24,2,292,10,214,40,146,267,
62,5/13/2025 3:48,2,224,54,1562,367,892,1953,
63,5/13/2025 4:24,1,126,30,1649,278,1157,1953,
64,5/13/2025 9:36,1,24,38,573,216,132,868,
65,5/13/2025 14:48,1,117,12,898,414,588,1602,
67,5/13/2025 15:48,2,275,84,600,136,262,686,
68,5/13/2025 15:48,1,296,14,278,847,148,1953,
69,5/13/2025 16:12,1,193,8,496,123,411,744,
70,5/13/2025 17:12,2,207,16,391,147,209,589,
71,5/13/2025 18:12,1,335,24,1077,634,189,1952,
72,5/13/2025 18:12,1,114,18,1250,420,781,1953,
73,5/13/2025 18:24,1,239,12,1008,195,702,1157,
74,5/14/2025 2:00,1,59,16,1041,568,208,1953,
75,5/14/2025 3:24,1,65,12,589,296,520,1116,
76,5/14/2025 4:36,1,96,10,488,79,347,558,
78,5/14/2025 6:24,1,98,6,467,218,189,726,
79,5/14/2025 6:24,1,325,8,452,180,282,726,
81,5/14/2025 9:36,2,254,10,532,463,428,1358,
82,5/14/2025 10:24,2,107,40,548,431,221,1644,
83,5/14/2025 13:25,2,292,10,538,186,223,710,
84,5/14/2025 13:36,2,202,6,1838,130,1644,1953,
85,5/14/2025 15:12,3,282,22,395,118,247,664,
86,5/14/2025 15:24,1,24,14,694,499,262,1562,
87,5/14/2025 18:36,1,36,10,1735,168,1488,1953,
88,5/14/2025 18:48,1,47,76,466,68,339,631,
89,5/15/2025 2:12,4,166,82,782,585,192,1953,
90,5/15/2025 5:12,2,49,12,411,795,339,1953,
91,5/15/2025 15:36,2,53,12,844,556,489,1838,
92,5/16/2025 4:17,2,80,54,649,249,172,960,
93,5/16/2025 9:12,1,97,16,436,148,164,625,
94,5/18/2025 1:25,1,276,10,258,80,202,405,
95,5/18/2025 8:00,0,104,6,385,11,367,395,
96,5/18/2025 12:48,2,276,38,218,60,171,400,
97,5/18/2025 17:36,2,280,42,215,30,164,280,
99,5/19/2025 7:48,2,277,12,175,39,126,238,
100,5/19/2025 9:00,1,51,8,223,39,160,258,
101,5/19/2025 12:00,0,51,8,1157,195,801,1358,
102,5/20/2025 0:24,0,88,6,955,286,434,1158,
103,5/20/2025 14:24,1,269,28,434,119,220,548,
104,5/20/2025 18:48,2,139,28,558,370,281,1488,
105,5/20/2025 21:12,2,83,8,359,62,260,434,
106,5/20/2025 21:12,2,89,16,625,192,277,932,
107,5/21/2025 9:00,0,76,14,761,354,309,1350,
108,5/21/2025 13:48,2,247,64,496,92,250,625,
109,5/21/2025 14:12,1,253,8,204,1,204,206,
110,5/22/2025 6:36,2,351,16,254,22,242,293,
111,5/22/2025 8:36,1,332,10,1224,320,589,1562,
112,5/22/2025 15:24,8,339,32,139,125,100,440,
113,5/22/2025 15:36,2,55,72,401,131,195,734,
114,5/22/2025 17:36,3,60,54,222,313,106,1157,
115,5/22/2025 22:00,3,334,14,107,88,99,300,
116,5/23/2025 2:00,3,327,8,108,5,101,115,
117,5/23/2025 7:24,1,67,36,433,135,268,702,
118,5/23/2025 11:12,2,74,6,457,280,187,947,
119,5/23/2025 16:24,0,59,8,446,56,405,543,
120,5/23/2025 16:36,0,171,12,726,95,568,811,
121,5/23/2025 16:36,1,235,76,419,33,322,466,
122,5/23/2025 16:36,2,208,34,473,241,179,1077,
123,5/24/2025 3:48,1,199,16,976,634,512,1953,
124,5/24/2025 8:12,1,56,22,178,13,173,205,
125,5/24/2025 11:12,1,263,8,395,153,354,651,
126,5/24/2025 13:36,2,265,8,508,299,258,1042,
127,5/24/2025 18:24,1,265,8,420,60,355,488,
128,5/24/2025 20:00,1,288,6,1003,592,589,1952,
129,5/25/2025 1:25,4,81,16,154,47,108,262,
130,5/25/2025 2:24,3,269,24,484,157,336,892,
131,5/25/2025 5:12,1,182,6,579,659,178,1736,
132,5/25/2025 5:24,2,180,6,1488,280,1350,1953,
133,5/25/2025 6:48,2,92,6,278,184,197,637,
134,5/25/2025 11:24,4,269,20,405,722,236,1893,
135,5/25/2025 13:25,1,271,12,710,560,347,1736,
136,5/25/2025 17:00,3,272,30,406,294,161,1041,
137,5/26/2025 3:36,2,275,8,1736,182,1420,1953,
138,5/26/2025 14:12,2,88,46,417,134,212,726,
139,5/27/2025 8:12,1,70,74,222,40,146,306,
140,5/27/2025 9:24,2,101,16,260,50,208,343,
141,5/27/2025 9:24,2,53,48,263,62,191,416,
142,5/27/2025 14:00,0,222,6,577,269,524,1113,
143,5/28/2025 1:36,4,284,54,1225,501,341,2016,
144,5/28/2025 7:00,3,278,22,1041,544,244,1562,
145,5/30/2025 0:00,2,310,14,1136,237,589,1257,
146,5/30/2025 0:12,1,312,46,351,78,233,477,
147,5/30/2025 5:00,1,302,18,147,162,103,505,
149,5/30/2025 7:48,1,280,14,663,222,378,1179,
150,5/30/2025 10:36,1,261,12,467,76,347,578,
151,5/30/2025 11:36,1,53,28,308,107,111,411,
152,5/30/2025 15:00,3,26,10,172,33,119,212,
154,5/31/2025 0:00,1,326,30,349,737,124,1953,
155,5/31/2025 0:12,1,340,86,919,384,256,1524,
156,5/31/2025 0:12,0,45,16,947,22,919,992,
157,5/31/2025 0:12,1,102,18,801,285,234,1041,
158,5/31/2025 0:12,1,64,10,367,328,147,961,
159,5/31/2025 0:36,1,167,12,416,520,192,1644,
160,5/31/2025 1:36,1,5,12,1207,283,892,1654,
161,5/31/2025 3:12,1,74,22,345,38,274,422,
162,5/31/2025 3:24,0,80,14,488,75,405,600,
163,5/31/2025 11:12,0,99,12,1488,43,1420,1488,
164,5/31/2025 21:36,1,84,22,224,15,194,244,
